source,title,description,url,image_url,published_at,content,full_text,author,source_name
newsapi,Quién es la nueva comisionada latina nombrada por Mamdani en Nueva York: hace historia en la ciudad,"Quién es Yesenia Mata, la primera latina designada como comisionada de Veteranos en Nueva York, su trayectoria, rol en la gestión de Mamdani y los otros nombramientos clave.",https://www.lanacion.com.ar/estados-unidos/nueva-york/quien-es-la-nueva-comisionada-latina-nombrada-por-mamdani-en-nueva-york-hace-historia-en-la-ciudad-nid02022026/,https://resizer.glanacion.com/resizer/v2/la-latina-designada-por-zohran-mamdani-en-nueva-Z4DQ4YZQ6JH3DL3YGGIHVDALKY.jpg?auth=f98c264fe58d08e8baa26c760f6a1f8f0b5a69f6b4814cc6f6f81656514518fb&width=1200&quality=70&smart=false&height=800,2026-02-02T18:05:00Z,"A un mes de su asunción como alcalde de Nueva York, Zohran Mamdani continúa con el armado de su administración y recientemente anunció nuevos nombramientos. Entre las personas designadas destaca Yese… [+3111 chars]","A un mes de su asunción comoalcalde deNueva York,Zohran Mamdanicontinúa con el armado de su administración y recientementeanunció nuevos nombramientos. Entre las personas designadas destacaYesenia Mata, laprimera latina en ocupar el cargodecomisionada del Departamento de Servicios para Veteranos de la ciudad. Hija de inmigrantes indocumentados, tiene amplia experiencia en la defensa de los derechos de la comunidad migrante y de los veteranos. El sábado 31 de enero,Mamdaniconfirmó los nombramientos mediante uncomunicadoen el sitio web oficial de su oficina. Los cinco nuevos funcionarios, según el texto, se encargarán dedirigir agencias centrales en todo el gobiernoy “promover la visión” de la administración de “una ciudad más segura y asequible“, en línea con su mirada política. La oficina del alcalde neoyorquino definió a Mata como “una reconocida defensora de los derechos de los inmigrantes y los veteranos“. Hija deinmigrantes indocumentados procedentes de San Luis Potosí, en México, fue nombrada en 2022 por el entonces alcalde Eric Adams paraintegrar el equipo de transición de inmigración de Nueva York. En ese puesto, ayudó a planificar y asesorar cómo la administración abordaría el tema inmigratorio en la ciudad. La joven latina también completó sus estudios como asistente legal, tiene unalicenciatura en Administración de Empresasy untítulo de posgrado en Recursos Humanosde la Robert Morris University. Recientemente, se desempeñó comodirectora ejecutiva de La Colmena, una organización que defiende losderechos deinmigracióny de los jornaleros. Además, se formó comosargento de la Policía Militar del Ejército de Estados Unidos. Con experiencia en distintas áreas, representa a Staten Island como miembro de la Comisión de Justicia Racial de la Ciudad de Nueva York. Entre sus trabajos como defensora de los migrantes, organizó comunidades latinas en Chicago, Arizona, Nueva York, Pensilvania, California y Florida como parte de la Estrategia Nacional de Difusión Latina para la Campaña Presidencial de Bernie Sanders. En el comunicado, Murad Awawdeh, presidente y director ejecutivo de la Coalición de Inmigración de Nueva York, sostuvo que Mata es “unrecordatorio viviente de que los inmigrantes y sus hijos sirven y defienden la Constitución a diario“. De acuerdo con el comunicado publicado por la oficina de Mamdani, Mataayudará a conectar a los veteranos de la ciudad con la vivienda, la atención médica, el emprendimiento y los servicios de apoyo. “Se asegurará de que losneoyorquinos que protegieron su ciudad como miembros de las Fuerzas Armadas puedan seguir viviendo allí como veteranos después“, señaló el texto. Por su parte, Mata destacó su participación en la comunidad. “El servicio ha sido la base de mi vida, tanto en las fuerzas armadas como enmi trabajo con las comunidades de inmigrantes y veteranos. Como comisionada, me comprometo agarantizar que cada veterano y familia militar en Nueva York sea reconocido, apoyado y empoderado”, sostuvo.",LA NACION,La Nacion
newsapi,Gobierno de Sheinbaum prepara cambios legales al doblaje y una nueva ley de cine ante la IA,"Forbes México.
 Gobierno de Sheinbaum prepara cambios legales al doblaje y una nueva ley de cine ante la IA

Sobre la regulación del uso de la IA en el doblaje en México, la secretaria de Cultura señaló que la propuesta está preparada y que será anunciada por…",https://forbes.com.mx/gobierno-de-sheinbaum-prepara-cambios-legales-al-doblaje-y-una-nueva-ley-de-cine-ante-la-ia/,https://cdn.forbes.com.mx/2025/07/IA-voces-doblaje.webp,2026-02-02T18:03:28Z,"La secretaria de Cultura, Claudia Curiel, informó este lunes que el Gobierno mexicano tiene lista una iniciativa relacionada con la industria del doblaje, en un contexto marcado por el creciente uso … [+2158 chars]","La secretaria de Cultura, Claudia Curiel, informó este lunes que el Gobierno mexicano tiene lista una iniciativa relacionada con la industria del doblaje, en un contexto marcado por el creciente uso de inteligencia artificial (IA), y adelantó que también se presentará una nueva ley de cine. Sobre la regulación del uso de la IA en el doblaje en México, Curiel señaló en conferencia de prensa que la propuesta está preparada y que será anunciada por la presidenta, Claudia Sheinbaum. “Ya está esa iniciativa lista”, dijo, tras explicar que el proyecto se trabajó con toda la comunidad de doblaje en el país y se diseñó junto con la Consejería Jurídica de la Presidencia. La funcionaria añadió que se trata de parte de un paquete más amplio, pues adelantó “vienen muchas iniciativas muy importantes de apoyo a la comunidad cultural”, algunas de ellas esperadas “por muchos años”. Sobre el cine, Curiel anticipó la llegada de una ley que, afirmó, llevaba “muchísimo tiempo esperando salir a la luz” sin concretarse y que buscará fortalecer el ecosistema cinematográfico, ya que México es una de las grandes potencias audiovisuales del continente. Entre los cambios ya impulsados, mencionó una mayor transparencia en las convocatorias y el aumento de topes del estímulo fiscal para la industria, y sostuvo que la nueva legislación será relevante también para asuntos de exhibición, a finde que “se pueda ver mucho más cine”, al considerar que el impulso requiere un esfuerzo integral. Curiel adelantó además un anuncio posterior sobre “derechos compensatorios por música”, al señalar que en más de 60 países ya se paga por lo que se escucha en celulares. “En muchos países y en México muy pronto también estaremos anunciando que todos los compositores, los músicos también puedan tener una retribución de lo que se escucha como parte del derecho de autor en el consumo del uso de los de los celulares”, apuntó. En conjunto, la secretaria de Cultura enmarcó las medidas como una política integral para fortalecer derechos de artistas y potenciar la industria nacional del cine, de “muchos trabajadores y trabajadoras”, y anticipó que también se anunciarán incentivos al cine. Con información de EFE.",Forbes México Staff,Forbes.com.mx
newsapi,Start-Up Chile selecciona a 64 emprendimientos tecnológicos para acelerar desde marzo,"Entre las seleccionadas por la aceleradora de Corfo, el 45% de las firmas se basa en IA y buscan acelerar, principalmente, el desarrollo de la agricultura, los recursos naturales y las herramientas TI.",https://www.df.cl/df-lab/innovacion-y-startups/start-up-chile-selecciona-a-64-emprendimientos-tecnologicos-para-acelerar,https://www.df.cl/noticias/site/artic/20260202/imag/foto_0000000220260202150837/20260202_Nueva_Gen_BIG11_SUP.jpg,2026-02-02T18:00:00Z,"Después de una convocatoria de 1.337 postulaciones de startups nacionales e internacionales, Start-Up Chile -la aceleradora pública de negocios de Corfo- seleccionó a las 64 emprendimientos tecnológi… [+3228 chars]","Después de una convocatoria de 1.337 postulaciones destartupsnacionales e internacionales,Start-Up Chile -la aceleradora pública de negocios de Corfo- seleccionó a las 64 emprendimientos tecnológicos que formarán parte de BIG 11, la nueva generación de los programas de aceleración Build (pre-aceleración), Ignite (aceleración) y Growth (escalamiento). Las firmas comenzarán un proceso de aceleración a partir de marzo de 2026, donde recibirán uncofinanciamiento máximo de $ 75 millones, se facilitará la interacción con inversionistas y corporativos y la entrega de una visa de trabajo por dos años desde su llegada a Chile. Elvicepresidente ejecutivo de Corfo, José Miguel Benavente, destacó la iniciativa en un comunicado: “La política pública de Start-Up Chile ha sido capaz de trascender administraciones gracias a su contribución al posicionamiento de nuestro país como un mercado relevante, no solo para hacer negocios, sino que especialmente para emprender e innovar.” De los 64 emprendimientos tecnológicos,68% son de origen chileno y un 32% extranjeros, en su mayoría de Perú, México, Argentina y Colombia. Sin embargo, también cuentan con la participación de representantes de Reino Unido, España y Alemania. La mayor parte de la generación está dirigida a los sectores de la agricultura y recursos naturales, constartupscomo Vacavision de origen colombiano y MIIDO, una plataforma chilena. Luego, sigue eldesarrollo de herramientas TI, retail, educación, y salud y biotecnología. Ladirectora ejecutiva de Start-Up Chile, Javiera Araneda, señaló que: “Cada vez que elegimos a una nueva generación, vemos reflejadas algunas de las necesidades más latentes que tienen diversas industrias. Entre las startups seleccionadas para BIG 11, nos entusiasma ver a tantos proyectos vinculados a la minería y la agricultura, dos sectores tremendamente importantes para la productividad de nuestro país”. Casi la mitad de las empresas seleccionadas se basa en inteligencia artificial (IA), estableciéndose como la principal tecnología para la innovación actual. Otras que se suman al portafolio soncloud computing, pagos digitales yblockchain. La pre-aceleración (Build) se enfoca en emprendimientos tecnológicos que están en su etapa inicial, es decir,desde la idea hasta el producto mínimo viable (MVP, en inglés). Dentro de esta fueron seleccionados17 proyectos, como Localy (Perú) y PawZone (Chile), que recibirán uncofinanciamiento de $ 15 millones. Con 31 startups y a través de la entrega de$30 millones, el programa Ignite está dirigido a proyectos que ya tienen un producto funcional y que están buscando que su producto satisfaga la demanda real del mercado (product-market fit). Dentro de la selección está la startup argentina, Tintte y Kunzapp  de México. La etapa más avanzada esGrowth, la cual busca apoyar a las startups en expansión, levantamiento de capital y crecimiento de sus equipos.Entre los 16 proyectos que recibirán estecofinanciamiento de $ 75 millones, se encuentran Suncast y Localshop, ambas chilenas.",Laura Flores,Www.df.cl
newsapi,Apuesta de México por el gas natural enfrenta resistencia de comunidades y complica metas climáticas,"Por JULIÁN TREJO BAX, TERESA DE MIGUEL y M.K. WILDEMAN LOS ARRECIFES, México (AP) — El sol ya se ha metido y un manto violáceo empieza a teñir las nubes cuando Mauricio Contreras y su hija Eunices salen a pescar en Los Arrecifes, en el sureño estado mexicano …",https://www.bostonherald.com/2026/02/02/apuesta-de-mxico-por-el-gas-natural-enfrenta-resistencia-de-comunidades-y-complica-metas-climticas/,https://www.bostonherald.com/wp-content/uploads/2026/02/M201XICO-GAS_NATURAL_73344.jpg?w=1024&h=683,2026-02-02T17:20:37Z,"Por JULIÁN TREJO BAX, TERESA DE MIGUEL y M.K. WILDEMAN
LOS ARRECIFES, México (AP) — El sol ya se ha metido y un manto violáceo empieza a teñir las nubes cuando Mauricio Contreras y su hija Eunices s… [+11041 chars]","Por JULIÁN TREJO BAX, TERESA DE MIGUEL y M.K. WILDEMAN LOS ARRECIFES, México (AP) — El sol ya se ha metido y un manto violáceo empieza a teñir las nubes cuando Mauricio Contreras y su hija Eunices salen a pescar en Los Arrecifes, en el sureño estado mexicano de Veracruz. Eunices se encarga de tirar al agua la pesada red para capturar pargo, abadejo o cabrilla mientras su padre conduce la pequeña lancha por el Golfo de México. Con la piel curtida por el sol y una cadena con un ancla colgando del pecho, Contreras cuenta que lleva dedicándose a la pesca más de 40 años, pero ahora teme que el principal sustento de su familia esté en riesgo por un ducto submarino construido el año pasado para transportar gas natural desde Estados Unidos. “Cuando empezaron a ponerlo nos afectó porque los barcos botaban explosivo y se oía hasta acá, hasta la orilla”, recuerda. Ahora que ya ha entrado en operación, lo que más le preocupa es una posible fuga. “Es un peligro constante que va a estar ahí y es un riesgo para todo el sector pesquero”. El gasoducto, conocido como Puerta al Sureste, fue construido por la empresa canadiense TC Energy en alianza con la paraestatal mexicana CFE. Se conecta con un ducto que ya unía el sur de Texas con Tuxpan, en Veracruz, y lo extiende otros 700 kilómetros por el fondo del mar hasta Paraíso, en Tabasco. Ya está alimentando la electricidad que requieren las operaciones de larefinería Dos Bocas, pero su principal objetivo es llevar gas hasta la península de Yucatán por medio de la expansión de otro gasoducto que todavía está en construcción. La obra es parte de una oleada de proyectos en todo el país que pretende ampliar la infraestructura existente para importar más gas natural de Estados Unidos. Con ello, México —que ya es el mayor comprador de gas estadounidense del mundo—, busca tanto satisfacer la demanda interna de electricidad como reexportar parte de ese gas hacia los mercados asiáticos y europeos. Sin embargo, la apuesta se está encontrando cada vez con más resistencia por parte de las comunidades en las que pretenden instalarse esos proyectos, desde Los Arrecifes hasta el Golfo de California. Además, se enfrenta a las críticas de los principales grupos ambientalistas del país que afirman que la estrategia aumenta el uso de un combustible fósil que contamina el aire y aleja a México de suscompromisos climáticos. Contreras habla de la pesca como una forma de vida. En su comunidad es casi la única fuente de trabajo y en todo el estado de Veracruz más de 40.000 personas viven del mar. Él fue uno de los habitantes de 15 comunidades costeras que presentaron una demanda en junio del año pasado en contra del gasoducto. Aunque en un primer momento fue desechada, sigue en disputa en los tribunales tras haber presentado un recurso de queja. La demanda alega que esas comunidades, mayoritariamente indígenas nahuas y nuntajiiyi’, no fueron consultadas sobre el proyecto antes de que iniciase la construcción, como lo exige la Constitución mexicana. “No estamos de acuerdo con este megaproyecto del gasoducto porque nunca se nos informó. Nunca se nos consultó y por consiguiente nosotros no sabemos las consecuencias que tiene”, dice Maribel Cervantes, quien también firmó la querella, desde el patio de su casa en la comunidad de San Juan Volador. El gobierno argumentó que se trataba de una obra de seguridad nacional y mantuvo bajo secreto buena parte de la información del gasoducto, incluyendo el trazo exacto por el que pasa. Al ser preguntada sobre el caso en una de sus conferencias matutinas el año pasado,la presidenta Claudia Sheinbaumdijo que “vale mucho la pena que llegue el gas natural a esa zona”.",Associated Press Spanish,Boston Herald
newsapi,"La paradoja de los centro de carga para autos eléctricos: no es que no haya, es que la gente no los quiere usar","En el mundo el debate sobre autos eléctricos casi siempre empieza con la misma idea. Faltan cargadores y por eso la gente teme quedar tirada en carretera. Sin embargo, las cifras dibujan otro panorama. Europa, por ejemplo, ya tiene más de 1.1 millones de punt…",https://www.xataka.com.mx/automovil/paradoja-centro-carga-para-autos-electricos-no-que-no-haya-que-gente-no-quiere-usar,https://i.blogs.es/4ef083/cargador-auto-electrico-espana-mexico-disponibilidad/840_560.jpeg,2026-02-02T17:00:57Z,"En el mundo el debate sobre autos eléctricos casi siempre empieza con la misma idea. Faltan cargadores y por eso la gente teme quedar tirada en carretera. Sin embargo, las cifras dibujan otro panoram… [+3655 chars]","Adolfo Reséndiz Adolfo Reséndiz Periodista por la Escuela de Periodismo Carlos Septién García y técnico mecánico automotriz CEDVA. Me gusta el rap, comer asado argentino y manejar por carretera los fines de semana. Mis autos favoritos son el Alfa Romeo Carabo, Lancia Stratos Zero y Porsche 917 K70. En el mundo el debate sobreautos eléctricoscasi siempre empieza con la misma idea. Faltan cargadores y por eso la gente temequedar tirada en carretera. Sin embargo, las cifras dibujan otro panorama. Europa, por ejemplo, ya tiene más de 1.1 millones de puntos de recarga para 15 millones de vehículos enchufables, con 9.3 millones de eléctricos puros. Aun así, la red pública casi no se usa. El dato que cambia la conversación está en la ocupación. La tasa de utilización deestaciones públicas de cargaqueda entre 2% y 8%. En la práctica eso significa entre 30 minutos y dos horas de uso al día. Para cualquieroperador, ese nivel resulta muy bajo. La infraestructura cuesta y el retorno depende de que entren autos de forma constante. España muestra esa paradoja con claridad. En 2024 ya superaba 40,000 puntos de recarga públicos, con crecimiento anual de 33% segúnAEDIVE. En ese mismo año se instalaron más de 10,000 puntos nuevos. También aumentaron con rapidez las estaciones de 50 a 250 kW. La red creció, pero la demanda no corrió al mismo ritmo. En ese contexto,Alpitronic y Ionitysostienen una idea que incomoda. El problema ya no es la falta de cargadores, sino la falta de autos eléctricos por cargador. Philipp Senoner insiste en que la discusión real pasa por aceptar que el parque eléctrico todavía es pequeño para la infraestructura instalada en varias zonas. Las causas del bajo uso se acumulan y se sienten en la vida diaria. Cerca de 89% de las recargas ocurre endomicilios particulares. En la red pública hay puntos con mala visibilidad, accesos poco prácticos y fallas técnicas que rompen la confianza. También existen autos que se quedan en la plaza tras completar la carga. Enhíbridos enchufablesy en ciertos eléctricos, los tiempos largos reducen la rotación. El lugar donde se instala el cargador también dicta el resultado. Enestacionamientos de empresas,estaciones de 7.4 kW apenas alcanzan entre 10% y 20% de uso. Enaeropuertos, el nivel cae por debajo de 1%. Con esa ocupación, el modelo de negocio se vuelve frágil y la expansión pierde sentido, porque no hay flujo estable. Senoner agrega un factor más. Habla deindefinición política en Europaque retrasa decisiones y debilita metas de reducción de CO2. Eso enfría la confianza de compra. Pero su conclusión es directa. La decisión final está en el consumidor. Si la gente no compra autos eléctricos, la red pública queda vacía y los operadores frenan su inversión.",Adolfo Reséndiz,Xataka.com.mx
newsapi,Desde la DC hasta el PC: oficialismo respalda la inscripción de candidatura de Michelle Bachelet a la ONU,"Con un amplio respaldo, la alianza oficialista ha expresado el apoyo a la candidatura de la expresidenta, Michelle Bachelet, destacando su trayectoria, la participación de México y Brasil y abordando la postura del próximo gobierno de José Antonio Kast.",https://www.latercera.com/nacional/noticia/desde-la-dc-hasta-el-pc-oficialismo-respalda-la-inscripcion-de-candidatura-de-michelle-bachelet-a-la-onu/,https://www.latercera.com/resizer/v2/RFMQ3PDZ6VDQRAPVXNYGDVXHMM.jpg?auth=e312d4bbc387531c0a77c679555299b23d89dd887926b0dd31d71a5d5c3bfd90&height=630&width=1200&smart=true,2026-02-02T16:41:44Z,"Durante la mañana de este lunes, el Presidente Gabriel Boric oficializó la inscripción de la exmandataria, Michelle Bachelet, a la Secretaría General de Naciones Unidas. Al respecto, diferentes figur… [+3676 chars]","Durante la mañana de este lunes, el PresidenteGabriel Boricoficializó la inscripción de la exmandataria,Michelle Bachelet, a la Secretaría General de Naciones Unidas. Al respecto, diferentes figuras de la alianza oficialista,desde la Democracia Cristiana hasta el Partido Comunista, expresaron su apoyo resaltando la trayectoria de la candidata, el respaldo de México y Brasil, y cuestionando la postura que tomará el Presidente Electo,José Antonio Kast. Bajo este contexto, el diputadoHéctor Barría(DC), publicó desde su cuenta de X un mensaje que aborda la inscripción de la candidata y señalando que el próximo jefe de Estado debe“estar a la altura”: “Pdte. #Boric oficializa candidatura de #Bachelet a la #ONU.Es momento que #Kast se pronuncieapoyando esta candidatura en su calidad de futuro jefe de estado. Esperamos que este a la altura y no se deje presionar por los ultras de derecha”. Pdte#Boricoficializa candidatura de#Bacheleta la#ONUEs momento que#Kastse pronuncie apoyando esta candidatura en su calidad de futuro jefe de estado 🇨🇱 . Esperamos que este a la altura y no se deje presionar por los ultras de derecha@DiputadosDCpic.twitter.com/3SlLN04UG1 De igual modo, el senadorIván Flores(DC), mostró su apoyo a la candidatura de la expresidenta destacando su amplia trayectoria en la ONU: “Hoy existe la posibilidad de que una persona con vasta trayectoria en ONU mujeres, en la dirección de Derechos Humanos y en otras dependencias de Naciones Unidas como Michelle Bachelet,tiene todo para poder competir en buena ley y eventualmente esperamos que pueda ganar”. Asimismo, en entrevista con CNN Radio, fue crítico al señalar que, luego del “discurso de apertura” del presidente electo durante su gira por Centro América, “sería un absurdo, un despilfarro político que el nuevo gobierno no la acompañe en esto, es un tema de estado, no se entendería que no apoya a Michelle Bachelet en algo que efectivamente podemos tener por primera vez en la historia, tal vez la única oportunidad”. Desde el partido, la Democracia Cristiana finalmente, rectificó el apoyo a la candidatura por medio de un comunicado en el cual anuncia que “El Partido Demócrata Cristiano de Chile expresasu más decidido apoyo y respaldo a la postulación de la ex Presidenta de la República, Michelle BacheletJeria, como candidata al cargo de Secretaria General de las Naciones Unidas”. Adicionalmente, rescatan las aptitudes diplomáticas que tiene la candidata, asegurando que dentro de las crisis sociales que presenta la sociedad hoy en día, Bachelet representa “una conducción ética, dialogante y firme,capaz de fortalecer el multilateralismo, promover la cooperación entre los Estados y situar en el centro la dignidad de la persona humana”. El diputadoVlado Mirosevic(PL), se adhirió a los dichos de la coalición, haciendo un llamado al próximo gobierno a “ponerse detrás de una candidatura que,más allá de las diferencias políticas, debe ser un orgullo para Chile”. También valoró el apoyo de las potencias de Brasil y México. Como parte de la bancada, el DiputadoRoberto Celedón, dio un reflexivo discurso de apoyo a la exmandataria, donde rememoó la figura de Salvador Allende afirmando que:",Felipe Alcafus,Latercera.com
newsapi,La operación de La Moneda por Bachelet que irritó a la OPE,"La formalización de la inscripción de la expresidenta como carta a la Secretaría General de la ONU desató la molestia del círculo de Kast, donde esperaban tomar la decisión final. Ahora, con el anuncio que involucra a Brasil y México, los republicanos transmi…",https://www.latercera.com/politica/noticia/la-operacion-de-la-moneda-por-bachelet-que-irrito-a-la-ope/,https://www.latercera.com/resizer/v2/QTHRTLNADRGGHMUULNNNRUWLZA.jpeg?auth=8b751f5e6b6c4ffb360fc937cfeb3a093b8ee0c873e26ddcbf2228054240c5a0&height=630&width=1200&smart=true,2026-02-02T16:33:33Z,Fue recién la semana cuando el gobierno del Presidente Gabriel Boric amarró el compromiso de México de sumarse a la inscripción de la candidatura de Michelle Bachelet a la Secretaría General de la Or… [+6076 chars],"Fue recién a última hora del viernes de la semana pasada cuando el gobierno del PresidenteGabriel Boricamarró el compromiso deMéxicode sumarse a la inscripción de la candidatura deMichelle Bacheleta la Secretaría General de la Organización de Naciones Unidas (ONU). El apoyo del gobierno deClaudia Sheinbaumse fraguó lentamente y con discreción desde la Cancilleríaal igual que el compromiso público que tomó la administración del Presidente de Brasil, Lula da Silva. Tanto desde Presidencia como desde Cancillería se reforzaron gestiones en los últimos diez días para concretar estos respaldos. De haber tenido más tiempo se pudo haber conquistado incluso los apoyos de otros países como Uruguay, con cuyo Presidente, Yamandú Orsi, ya se reunió Bachelet. Pero el inicio de las vacaciones de esta última, este lunes, apuró el proceso de inscripción para inicios de esta semana. Con los respaldos de las dos principales potencias de América Latina, el gobierno buscó dar una señal de musculatura de la candidatura de la exmandataria, a sabiendas de que el presidente electo José Antonio Kast ha sido explícito al decir que no tomará una definición sobre el tema hasta asumir el mando el 11 de marzo. La inscripción de Bachelet, finalmente,se concretó durante la madrugada de este lunes. Boric lo informó en La Moneda acompañado por la exmandataria, el canciller Alberto van Klaveren y los embajadores de Brasil y México en Chile,Paulo PachecoyLaura Moreno, respectivamente. El anuncio, trabajado estos días por La Moneda,generó el malestar de la oposición, donde se esperaba que la ratificación de la nominación quedara en manos de Kast. Esta decisión se tomó pese a que el grueso de la campaña internacional de Bachelet se realizará durante el próximo gobierno, deJosé Antonio Kast, republicano y acérrimo opositor de la dos veces mandataria durante sus gobiernos. Para Boric y su gobierno este era un tema que debía cerrarse en esta administración. El Presidente se la ha jugado por Bachelet al punto de que, en su último discurso ante la Asamblea General de la ONU, priorizó el anuncio de la candidatura antes que reforzar sus habituales consignas en materia internacional, como lo hizo en sus últimos tres pasos por Nueva York. Él mismo se ha encargado de hablar del tema en las distintas instancias internacionales en las que ha participado. EnCorea del Sur, se juntó con el diplomático de ese país y exsecretario general de la ONU, Ban Ki Moon; enItalia abordó el tema con el director general de la FAO, Qu Dongyu, y en su última gira a Brasil viajó acompañado por la expresidenta.","David Tralma,Pedro Rosas",Latercera.com
newsapi,La falta de combustible en Cuba ya es una crisis humanitaria: Ricardo Pascoe,"Ricardo Pascoe, exembajador de México en Cuba, aseguró en 'Aristegui en Vivo' que la suspensión del envío de petróleo mexicano a la isla, tras presiones de Estados Unidos, ha profundizado el aislamiento del régimen cubano y agravado una crisis que ya es human…",https://aristeguinoticias.com/0202/mundo/la-falta-de-combustible-en-cuba-ya-es-una-crisis-humanitaria-ricardo-pascoe/,https://editorial.aristeguinoticias.com/wp-content/uploads/2026/02/cuba-estados-unidos-an-1-02022026.jpg,2026-02-02T16:29:38Z,"Ricardo Pascoe Pierce, exembajador de México en Cuba, afirmó que el gobierno mexicano suspendió el envío de petróleo a la isla como resultado de presiones directas de Estados Unidos, lo que, a su jui… [+4139 chars]","Ricardo Pascoe, exembajador de México en Cuba, aseguró en 'Aristegui en Vivo' que la suspensión del envío de petróleo mexicano a la isla, tras presiones de Estados Unidos, ha profundizado el aislamiento del régimen cubano y agravado una crisis que ya es humanitaria, social y política. Ricardo Pascoe Pierce, exembajador de México en Cuba, afirmó que el gobierno mexicano suspendió el envío de petróleo a la isla como resultado de presiones directas de Estados Unidos, lo que, a su juicio,profundiza el aislamiento del régimen cubanoy agrava una crisis que ya es humanitaria, social y política. Durante una entrevista conAristegui en Vivo, sostuvo que más allá de las declaraciones públicas del presidente estadounidense Donald Trump, que aseguró que había pedido a la presidenta Claudia Sheinabum que detuviera los envíos y ella accedió, el hecho central es que México modificó su política energética hacia Cuba.“El hecho concreto es que con estas presiones México sí dejó de enviar petróleo a Cuba”,señaló. La mandataria mexicana dijo el domingo que no había abordado con Trump el tema petrolero. El exdiplomático explicó que la interrupción del suministro energéticoocurre en un momento crítico para la isla,que enfrenta una severa escasez de combustible. Indicó que esta situación acelera un proceso de deterioro que no es reciente y que hoy coloca al régimen cubano en una condición límite. En ese contexto, afirmó que la falta de combustibleya constituye “una crisis humanitaria, social y política de la mayor envergadura”. Pascoe recordó que el debilitamiento actual tiene antecedentes en ladecisión tomada en 2016 de frenar el acuerdo de apertura económicaalcanzado entre Raúl Castro y el entonces presidente estadounidense Barack Obama. Según explicó, dicho acuerdo permitía una transformación del modelo económico cubanosin una reforma política inmediata, lo que habría dado margen de maniobra a la élite gobernante. Sin embargo, relató que Fidel Castro rechazó ese entendimiento, lo que dejó a Cuba sin alternativas estructurales de mediano plazo.  Desde entonces, añadió, la isla ha subsistido gracias a apoyos externos,principalmente de Venezuela, así como de Rusia e Iránen menor medida. La pérdida del suministro venezolano, tras las sanciones impulsadas por Washington, detonó una crisis más profunda. En ese escenario, México intentó cubrir parcialmente ese vacío energético, pese a que, según Pascoe,Cuba carece de capacidad real de pago. El exembajador cuestionó la lógica detrás de la decisión del gobierno mexicano deincrementar de manera significativa los envíos de petróleo en meses recientes,aun sabiendo que ello implicaría un conflicto con Estados Unidos. Señaló que ese cálculo estratégico falló y derivó en lo que describió como un revés político para el país, al suspender abruptamente los envíos tras la presión estadounidense. “Lo que estamos viviendo en tiempo real es que Washington presionó a México yobligó a México a ya no enviar petróleo”, afirmó.",Redacción AN / MDS,Aristeguinoticias.com
newsapi,La Moneda responde a Kast: “Para ser gobierno se requiere caminar y masticar chicle al mismo tiempo”,Desde el Ejecutivo respondieron el emplazamiento del presidente electo tras la oficialización de la candidatura de Michelle Bachelet a la Secretaría General de la ONU.,https://www.latercera.com/politica/noticia/la-moneda-responde-kast-para-ser-gobierno-se-requiere-caminar-y-masticar-chicle-al-mismo-tiempo/,https://www.latercera.com/resizer/v2/H6A6RIL2KZCRNESW6DW7SPUZT4.jpg?auth=3e73c14eed3fb6a7ba107e1bc342803bedd9eb94abfbafb648ada40154b2c7fb&height=630&width=1200&smart=true,2026-02-02T16:22:14Z,"La Moneda salió a responder el emplazamiento que hizo el presidente electo, José Antonio Kast, luego de la oficialización de la candidatura de la exmandataria Michelle Bachelet a la Secretaría Genera… [+2749 chars]","La Monedasalió a responder el emplazamiento que hizo el presidente electo,José Antonio Kast, luego de la oficialización de la candidatura de la exmandatariaMichelle Bacheleta la Secretaría General de Naciones Unidas (ONU). Fue la mañana de este lunes que el Presidente Gabriel Boric, en una declaración en La Moneda, anunció la inscripción oficial de la nominación de la ex jefa de Estado al organismo multilateral, queserá apoyada por Brasil y México. Poco después, en su visita a Viña del Mar, a dos años del megaincendio que afectó a la zona, el republicano cuestionó que el anuncio se haga cuando se acaban de desarrollar otras emergencias, como los siniestros en el sur del país y la inundación en Maipú por las lluvias del fin de semana. “Yo espero que las autoridades que hoy día tienen que dirigir el país estén dedicadas a solucionar la contingencia”, dijo. El republicano, además, optó por mantener en suspenso si su administración entregará respaldo a la nueva cruzada de Bachelet en la ONU. En la habitual vocería de inicio de semana, la ministra secretaria general de Gobierno (Segegob),Camila Vallejo, refutó esas declaraciones del mandatario electo. “Al presidente electo le va a tocar ser gobierno en marzo ypodrá darse cuenta de que ser gobierno implica atender a las emergencias, pero también a muchos otros problemas”, dijo. Y luego detalló: “Hacerse cargo de las transformaciones que demanda la ciudadanía, empujar cambios que algunos podrán parecerle no urgentes, pero que al final la gente demanda en las calles y continuar también con las políticas exteriores, la política internacional, las relaciones internacionales. Y la política exterior no para, no cesa y es tarea de un jefe de Estado como lo ha sido la del Presidente Gabriel Boric, hacerse cargo de las emergencias, de las crisis al mismo tiempo que transformar las condiciones materiales de existencia para mejor de nuestros compatriotas como fue con la reforma de pensiones y al mismo tiempo también hacerse cargo de las relaciones internacionales”. Vallejo luego apuntó que“para ser gobiernose requiere caminar y masticar chicle al mismo tiempoy eso es lo que le va a demandar probablemente también la ciudadanía al fin y al cabo”. “Hay muchos problemas que siempre estar atendiendo y así lo está haciendo nuestro gobierno. Le mencionaba al principio de que estamos no solamente en terreno para enfrentar las emergencias en el sur, tuvimos el fin de semana con el subsecretario del Interior en Maipú y con los alcaldes afectados por el sistema frontal al mismo tiempo que seguimos empujando leyes y al mismo tiempo que nos hacemos cargo de los desafíos en materia internacional”, remarcó.",Alonso Aranda,Latercera.com
newsapi,Víctor Manuel señala lo que más le ha sorprendido de todo lo relacionado con Julio Iglesias: apunta a alguien en concreto,"<![CDATA[<p>El cantante Víctor Manuel se ha pronunciado con toda claridad sobre las acusaciones contra Julio Iglesias, cuya denuncia por agresión sexual por parte de dos exempleadas ha sido archivada por la Audiencia Nacional por falta de jurisdicción.]]>",https://www.huffingtonpost.es/virales/victor-manuelnala-mas-le-sorprendido-relacionado-julio-iglesias-apunta-alguien-concreto-f202602.html,https://img2.huffingtonpost.es/files/og_thumbnail/uploads/2026/02/02/los-cantantes-julio-iglesias-y-victor-manuel.jpeg,2026-02-02T16:01:01Z,"El cantante Víctor Manuel se ha pronunciado con toda claridad sobre las acusaciones contra Julio Iglesias, cuya denuncia por agresión sexual por parte de dos exempleadas ha sido archivada por la Audi… [+2876 chars]","El cantante Víctor Manuel se ha pronunciado con toda claridadsobre las acusaciones contra Julio Iglesias,cuya denuncia por agresión sexual por parte de dos exempleadasha sido archivada por la Audiencia Nacional por falta de jurisdicción. El artista ha afirmado quelos contactos entre ambos han sido ""mínimos""a lo largo del tiempo, pero ha puesto en el foco a las personas quele han defendido ""sin saber lo que ha pasado"". ""Son cosas que no te esperas, perome parece todavía mucho peor los que se han puesto a defenderle sin saber lo que ha pasado. Eso me espanta más"", ha manifestado Víctor Manuel en una entrevista con Europa Press. ""Me parece más vasto todo eso y más estúpido todas las defensas a ultranza de la bonhomía de Julio,sobre la que yo no tengo que dudar,pero simplemente hay unas denuncias que están ahí y corresponde a la justicia juzgarlas o no"", ha comentado haciendo referencia ala defensa que del cantante ha hecho Ramón Arcusa. Las palabras de Arcusa generaron amplia polémica después que en elPrograma de Ana Rosael componente del Dúo Dinámico asegurase que había hablado con Julio Iglesias, del que dijo que estaba ""tranquilo"",""más que nada molesto por la repercusión que ha tenido"" ""Las chicas estas hablando de una casa del terror.Si a ti te violan un día, no te pueden violar cada día.¿Entiendes? Porque te violan un día y tú eres consciente de que te han violado vas a la Policía. Entonces hubo una relación consentida de alguna manera. ¿Ok? Y si no era consentida lo parece"", señaló Arcusa. Víctor Manuel ha agradecido, en cualquier caso, a Julio Iglesias cuando salió en su defensa y la de Ana Belénen 1973 tras ser acusados de pisotear la bandera española en una obra de teatro en México. ""Él había visto la función y le contó a todo el mundo que eso era mentira y se lo hemos agradecido siempre"",ha rememorado. Ana Belén y Víctor Manuel contaron en 2018 en el Hay Festival de Cartagena (Colombia) que Julio Iglesias los defendió en plena dictadura de Francisco Franco,cuando sufrieron una dura persecución política. En una conversación en la que recordaron buena parte de sus carreras, Víctor Manuel explicó que en aquel momento estrenó en México una obra musical que había compuesto y que no pudosubir a las tablas en España ya que ""estaba prohibida"" por la censura. Pese a tener el Atlántico de por medio, detalló que fueron acusados desde España ""de haber pisado la bandera"" española y Julio Iglesias, ""que estaba de gira por México"", dio testimonio ante la Policía de la dictadura de que""esa escena no existía"".",Rodrigo Carretero,Huffingtonpost.es
newsapi,"Puntos Dalia, sitios de resguardo momentáneos que las mujeres en situación de violencia pueden utilizar en la alcaldía Álvaro Obregón","Hace poco más de un año, en las oficinas de la alcaldía Álvaro Obregón comenzó a gestarse una idea. Reporte tras reporte, autoridades de la demarcación reconocieron la necesidad de impulsar un programa cuyo objetivo se sumara la lucha general que existe en Mé…",https://www.milenio.com/policia/puntos-dalia-sitios-de-resguardo-mujeres-violentadas-en-cdmx,https://cdn.milenio.com/uploads/media/2026/01/30/programa-identifico-focos-rojos-demarcacion.jpg,2026-02-02T16:00:01Z,"Hace poco más de un año, en las oficinas de la alcaldía Álvaro Obregón comenzó a gestarse una idea. Reporte tras reporte, autoridades de la demarcación reconocieron la necesidad de impulsar un progra… [+6706 chars]","Para ver esta página correctamente, necesitas activar JavaScript en tu navegador. Hace poco más de un año, en las oficinas de laalcaldía Álvaro Obregóncomenzó a gestarse una idea. Reporte tras reporte, autoridades de la demarcación reconocieron lanecesidad de impulsar un programacuyo objetivo se sumara lalucha general que existe en México en contra de la violencia de género. Ese fue el origen dePuntos Dalia, un programa de política pública enfocado en las mujeres cuyos cimientos no están conformados por campañas publicitarias y mercadotecnia, sino enhistorias y datos reales que poco a poco han permitido mapear las principales problemáticasque existen sobre el tema en la alcaldía Álvaro Obregón, así como laszonas que acumulan el mayor número de casos. Con base en los reportes realizados por laFiscalía General de Justicia de la Ciudad de México (FGJ-CdMx)que atienen a la demarcación se planeó desde la administración de la alcaldíaÁlvaro Obregónunmodelo de intervención y resguardo para las mujeresque padecen o están en riesgo de padecerviolencia intrafamiliar o de género. La materialización de dicho plan son los Puntos Dalia, los cuales sonsitios de resguardo momentáneosen los que las mujeres en situaciones de violencia pueden ponerse en contacto conpersonal capacitado para protegerlas. Al ser una estrategia de primer contacto, desde la Alcaldía Álvaro Obregón se ha cuidado quecada uno de los agentes que intervienen en estos casos cuenten con la capacitación necesaria en materia de perspectiva de géneropara evitar la revictimización, por lo que la integración de personal femenino en el programa también ha sido relevante. El proyecto contempla un plan de acción que atienden dos agentes: quienes realizan el primer contacto con las víctimas y quienes realizan laactivación del Código Dalia, el cuallas canaliza con las instituciones competentespara brindarles seguridad, asesoría jurídica, atención psicológica o cualquier tipo de servicio específico que requiera cada caso. La canalización de las víctimas puede realizarse de forma interna, es decir, que sea la misma alcaldía quien ponga a su alcance servicios comoatención psicológica gratuita, atención jurídica y médica, o también puede ser externa, es decir, que busque el apoyo defiscalías especializadas, la implementación de medidas precautoriaso incluso de algúnrefugio. ¡Así funcionan los#PuntosDaliaÁO!✅????????‍♀️Desde el primer momento se activa un protocolo especializado para proteger la integridad de las mujeres y brindar acompañamiento inmediato.pic.twitter.com/4kAdSmqAVr Elanálisis territorial realizado en la Alcaldía Álvaro Obregónarrojó a autoridades las zonas que acumulan el mayor número de reportes por violencia de género.",Anel Tello,Milenio
newsapi,Violencia en Sinaloa se intensifica por refuerzos a ‘Los Chapitos’ y disputas de poder: Saucedo,"David Saucedo, consultor en seguridad, aseguró en 'Aristegui en Vivo' que el repunte de la violencia en Sinaloa responde al reforzamiento reciente de Los Chapitos con apoyo del cártel Jalisco Nueva Generación, en el contexto de la guerra interna que mantienen…",https://aristeguinoticias.com/0202/mexico/violencia-en-sinaloa-se-intensifica-por-refuerzos-a-los-chapitos-y-disputas-de-poder-saucedo/,https://editorial.aristeguinoticias.com/wp-content/uploads/2026/02/violencia-sinaloa-cuartoscuro-culiacan-02022026.jpg,2026-02-02T15:31:43Z,"Sinaloa atraviesa un repunte en la violencia homicida como consecuencia directa del reacomodo de fuerzas dentro del cártel de Sinaloa y del reciente fortalecimiento de una de sus facciones, advirtió … [+5885 chars]",Texto no disponible,Redacción AN / MDS,Aristeguinoticias.com
newsapi,"El bitcoin cae con fuerza: por qué bajó de los 78,000 dólares, aquí te contamos","Forbes México.
 El bitcoin cae con fuerza: por qué bajó de los 78,000 dólares, aquí te contamos

El bitcoin cotizaba alrededor de los 84,000 dólares el viernes, pero cayó abruptamente el sábado y descendió hasta los 77,900 dólares , con una baja de más del 7%…",https://forbes.com.mx/el-bitcoin-cae-con-fuerza-por-que-bajo-de-los-78000-dolares-aqui-te-contamos/,https://cdn.forbes.com.mx/2026/02/0x0-12.webp,2026-02-02T15:25:29Z,"El bitcoin registró una fuerte caída el sábado, mientras los inversores revaluaban las perspectivas de las tasas de interés en Estados Unidos tras la nominación del presidente Donald Trump de Kevin W… [+2566 chars]","El bitcoin registró una fuerte caída el sábado, mientras los inversores revaluaban las perspectivas de las tasas de interés en Estados Unidos tras la nominación del presidente Donald Trump de Kevin Warsh como presidente de la Reserva Federal. El bitcoin cotizaba alrededor de los 84,000 dólares el viernes, pero cayó abruptamente el sábado y descendió hasta los 77,900 dólares , con una baja de más del 7% en las últimas 24 horas y acercándose a niveles vistos por última vez cuando Trump fue elegido presidente en 2024. En su punto máximo de octubre, bitcoin alcanzó un precio de 126,198 dólares, pero desde entonces ha retrocedido en su mayor parte, a medida que los inversores se alejaron de activos más riesgosos en medio de la incertidumbre sobre el rumbo de la Reserva Federal en materia de tasas de interés. La caída no se limitó a bitcoin: el mercado de criptomonedas en general también retrocedió esta semana, con tokens importantes como Ethereum, BNB, XRP y Solana registrando descensos de al menos 10% en los últimos siete días, según Coindesk. La baja de bitcoin se produjo mientras el oro superaba a comienzos de la semana un precio récord de 5,300 dólares, aunque luego comenzó a caer tras conocerse la nominación de Warsh, en coincidencia con un fortalecimiento del dólar estadounidense, que registró su mayor ganancia desde mayo, según Bloomberg. Pese a la caída de bitcoin, Warsh se ha expresado de manera favorable sobre la criptomoneda, a la que calificó como el “nuevo oro” para los menores de 40 años durante una entrevista en 2021. Su opinión no cambió en 2025, cuando dijo que no le generaba inquietud y afirmó en julio: “Con cada día que pasa, bitcoin cobra nueva vida como moneda alternativa”. La nominación de Warsh podría ser una mala noticia para bitcoin, según Markus Thielen, fundador de 10x Research, quien dijo a Coin Desk que el “énfasis del nominado a la Reserva Federal en la disciplina monetaria, tasas reales más altas y una menor liquidez enmarca a las criptomonedas no como una cobertura contra la depreciación, sino como un exceso especulativo que se desvanece cuando se retira el dinero fácil”. Warsh ha sido descrito como un “halcón” de la política monetaria, tras mostrar apoyo a los marcos de monedas digitales de bancos centrales. La nominación de Trump el viernes reconfiguró las expectativas sobre las tasas de interés, un factor clave para los precios de las criptomonedas, según Yahoo Finance. Cuando se espera que las tasas se mantengan altas, los inversores suelen retirar fondos de activos más riesgosos, como las criptomonedas, y trasladarlos a inversiones más seguras. Este texto fue publicado originalmente en Forbes US. Sigue la información sobre los negocios y la actualidad en Forbes México",Mike Stunson,Forbes.com.mx
newsapi,Chile inscribe candidatura de Bachelet para dirigir ONU y anuncia apoyo de México y Brasil,"Exdirectora de ONU Mujeres y ex alta comisionada de las Naciones Unidas para los Derechos Humanos, su candidatura está ""respaldada por una trayectoria impecable y ampliamente valorada en el mundo"".",https://aristeguinoticias.com/0202/mundo/chile-inscribe-candidatura-de-bachelet-para-dirigir-onu-y-anuncia-apoyo-de-mexico-y-brasil/,https://editorial.aristeguinoticias.com/wp-content/uploads/2026/02/bachelet-onu-candidatura-02022026.jpg,2026-02-02T15:11:43Z,"El presidente de Chile, Gabriel Boric, anunció este lunes la inscripción formal de la candidatura de la expresidenta Michelle Bachelet (2006-2010 y 2014-2018) en las elecciones de finales de año para… [+2900 chars]","Exdirectora de ONU Mujeres y ex alta comisionada de las Naciones Unidas para los Derechos Humanos, su candidatura está ""respaldada por una trayectoria impecable y ampliamente valorada en el mundo"". El presidente de Chile,Gabriel Boric, anunció este lunes la inscripción formal de la candidatura de la expresidentaMichelle Bachelet(2006-2010 y 2014-2018) en las elecciones de finales de año para ocupar laSecretaría General de las Naciones Unidas. Boric, que dejará el poder el próximo 11 de marzo, indicó que la que fuera la primera mujer en la historia en llegar a la Presidencia chilena ya cuenta con el apoyo de México y Brasil, “los dos países más poblados de América Latina”. “Esta candidatura expresa una esperanza compartida: queAmérica Latina y el Caribe hagan oír su voz en la construcción de soluciones colectivasa los tremendos desafíos de nuestro tiempo”, aseguró el mandatario desde el palacio La Moneda, junto a la exmandataria socialista, de 74 años. El sistema internacional, agregó Boric, “puede y debe ser capaz de responder con mayor eficacia, sentido de urgencia, legitimidad y humanidad a los grandes problemas del mundo global”.  La elección para reemplazar a partir del 1 de enero de 2027al actual secretario general de la ONU, el portuguésAntónio Guterres, tendrá lugar a finales del próximo año y se prevé disputada, con varios nombres que surgen desde Latinoamérica y otras regiones del mundo. Además de Bachelet, desde la región anunciaron su candidatura laexvicepresidenta de Costa Rica Rebeca Grynspan, actual jefa de Comercio del organismo; o el actual director de la Agencia Internacional de Energía Atómica (OIEA), el argentinoRafael Grossi. Te puede interesar >Irán advierte que cambió su doctrina militar a ofensiva en medio de tensiones con EE.UU. Exdirectora de ONU Mujeres y ex alta comisionada de las Naciones Unidas para los Derechos Humanos, su candidatura está“respaldada por una trayectoria impecable y ampliamente valorada en el mundo”, apuntó Boric, sobre quien fue también la primera mujer en la historia chilena en ocupar los cargos de ministra de Salud y de Defensa.",Redacción AN / ARF,Aristeguinoticias.com
newsapi,"Es uno de los westerns olvidados de principios de siglo, y está en Disney+: la leyenda fronteriza de David Crockett","La película retrata momentos como la llegada inesperada de las tropas de Santa Anna, el cerco sobre un fuerte y la resistencia desesperada de un grupo consciente de su destino",https://www.elconfidencial.com/cultura/cine/2026-02-02/western-principios-siglo-disney-alamo-texas-1qrt_4295499/,"https://images.ecestaticos.com/TyGILPvf_NuhCeGfDMlHupPCY74=/0x0:1956x1404/600x315/filters:fill(white):format(jpg):quality(99):watermark(f.elconfidencial.com/file/bae/eea/fde/baeeeafde1b3229287b0c008f7602058.png,0,275,1)/f.elconfidencial.com/original/a0a/da9/c2e/a0ada9c2e2a677e523d9730af9f3e552.jpg",2026-02-02T14:42:00Z,"Es una de las series favoritas de los amantes del western, y está en Disney+: basada en unas novelas""Un buen final"": el wéstern que ha pasado desapercibido en Prime Video, y que tienes que ver este f… [+2907 chars]","A principios de los años 2000 llegó a los cines un western histórico ambicioso, centrado enla Revolución de Texasy en la figura legendaria estadounidense deDavid Crockett, que pasó casi desapercibido tras su estreno. Hoy, su presencia en la plataforma destreamingDisney+, permite redescubrir una producción marcada por la épica fronteriza, la revisión histórica y un destino comercial adverso. Se trata deEl Álamo: La leyenda, un drama bélico de 2004 dirigido por John Lee Hancock quereconstruye la mítica batalla del Álamodesde una mirada más contenida y política de lo habitual. Protagonizada porBilly Bob Thorntoncomo Davy Crockett, Dennis Quaid como Sam Houston, Patrick Wilson como William Travis, Jason Patric como Jim Bowie, y el catalánJordi Mollàcomo el mexicano Juan Seguin, la película fue distribuida por Buena Vista Pictures Distribution, dentro del paraguas de Disney. Lejos del tono triunfalista del western clásico, el filme apuesta por mostrar las tensiones internas del bando texano, el desgaste del asedio yel peso simbólico de una derrotaque acabaría alimentando el relato fundacional de Texas. La narración sitúa a Crockett como un político derrotado que ve en la frontera con México una última oportunidad de redención personal y pública. A partir de ahí, la película detalla la llegada inesperada de las tropas de Santa Anna, el cerco sobre el fuerte y la resistencia desesperada de un grupo consciente de su destino. Hancock introduceuna de las decisiones más controvertidas del largometraje: representar la ejecución de uno de los grandes protagonistas tras ser capturado, basándose en los escritos de José Enrique de la Peña. Esta elección, inédita en adaptaciones anteriores,generó críticas entre historiadoresy defensores del mito tradicional, aunque reforzó la voluntad del filme de alejarse de una visión simplificada del heroísmo. Pese a su cuidada reconstrucción y a un rodaje de gran escala, con uno de los mayores decorados jamás construidos en Norteamérica,El Álamo: La leyendafue un sonoro fracaso en taquilla. Con un presupuesto de 107 millones de dólares, apenas recaudó 25,8 millones en todo el mundo y recibió críticas dispares, aunque la mayoría destacó la capacidad interpretativa para sacar el relato adelante. Dos décadas después, este western olvidado encuentra en elstreamingde Disney+ una segunda vida, más acorde consu ambición revisionista, y una oportunidad para redescubrir una de las producciones más costosas que explican la historia estadounidense. A principios de los años 2000 llegó a los cines un western histórico ambicioso, centrado enla Revolución de Texasy en la figura legendaria estadounidense deDavid Crockett, que pasó casi desapercibido tras su estreno. Hoy, su presencia en la plataforma destreamingDisney+, permite redescubrir una producción marcada por la épica fronteriza, la revisión histórica y un destino comercial adverso.",A. R.,Elconfidencial.com
newsapi,Michelle Bachelet es propuesta para dirigir la ONU con respaldo de México y Brasil,El presidente chileno Gabriel Boric confirmó la inscripción formal de la candidatura de la exmandataria para la Secretaría General de las Naciones Unidas.,https://peru21.pe/mundo/michelle-bachelet-es-propuesta-para-dirigir-la-onu/,http://peru21.pe/sites/default/efsfiles/styles/amp_1200x675_16_9/public/2026-02/bachelet.jpg?itok=9Uwhv26K,2026-02-02T14:01:01Z,"Chile oficializó este lunes la candidatura de Michelle Bachelet para asumir la Secretaría General de la Organización de las Naciones Unidas, con el respaldo inicial de México y Brasil, las dos nacion… [+2159 chars]","El presidente chileno Gabriel Boric confirmó la inscripción formal de la candidatura de la exmandataria para la Secretaría General de las Naciones Unidas. Chile oficializó este lunes la candidatura deMichelle Bacheletpara asumir la Secretaría General de laOrganización de las Naciones Unidas, con el respaldo inicial de México y Brasil, las dos naciones más pobladas de América Latina. El anuncio fue realizado por el presidenteGabriel Boricdesde el Palacio de La Moneda. ImagenMundoLun, 02/02/2026 - 08:07""Son lo peor"": Trump estalla por chiste sobre Epstein y critica a los Premios GrammyTrevor Noah, quien anunció que este será su último año como anfitrión de los Grammy tras seis ediciones al frente, se había mostrado discreto con los comentarios políticos en años anteriores.Kristhel Valdiviezo Trevor Noah, quien anunció que este será su último año como anfitrión de los Grammy tras seis ediciones al frente, se había mostrado discreto con los comentarios políticos en años anteriores. Boric informó que la inscripción de la candidatura se realizó de manera formal de cara a las elecciones que se celebrarán a finales de este año, proceso que definirá al sucesor del actual secretario general,António Guterres, cuyo mandato culmina el 1 de enero de 2027. “El respaldo de México y Brasil expresa una aspiración compartida: que América Latina y el Caribe tengan un rol protagónico en la búsqueda de soluciones colectivas frente a los desafíos globales”, señaló el mandatario chileno, quien dejará el cargo el próximo 11 de marzo. El jefe de Estado destacó la trayectoria internacional de Bachelet, quien fue directora ejecutiva de ONU Mujeres y alta comisionada de las Naciones Unidas para los Derechos Humanos. Subrayó además que su experiencia política y humana le permitiría realizar un aporte “serio y sustantivo” en un contexto global marcado por conflictos, crisis climática, desigualdades y desconfianza institucional. La elección se anticipa competitiva. Desde América Latina también han sido mencionados otros nombres, como la exvicepresidenta de Costa Rica Rebeca Grynspan, actual responsable de Comercio de la ONU, y el argentino Rafael Grossi, director del Organismo Internacional de Energía Atómica.",Esther Vargas,Peru21.pe
newsapi,Urtasun elude responder si España debe boicotear el Mundial 2026 pero pone en valor las críticas al ICE en los Grammy,"El ministro de Cultura, Ernest Urtasun, ha puesto en valor las manifestaciones ""denuncia"" contra las actuaciones y redadas de los agentes del Servicio de Control de Inmigración y Aduanas (ICE) en Estados Unidos a cargo de artistas como Bad Bunny o Billie Eili…",https://www.europapress.es/cultura/exposiciones-00131/noticia-urtasun-elude-responder-si-espana-debe-boicotear-mundial-2026-pone-valor-criticas-ice-grammy-20260202145035.html,https://img.europapress.es/fotoweb/fotonoticia_20260202145035_1200.jpg,2026-02-02T13:50:35Z,"MADRID, 2 Feb. (EUROPA PRESS) - 
   El ministro de Cultura, Ernest Urtasun, ha puesto en valor las manifestaciones ""denuncia"" contra las actuaciones y redadas de los agentes del Servicio de Control … [+3658 chars]","Menú Boletines Abonados MADRID, 2 Feb. (EUROPA PRESS) - El ministro de Cultura,Ernest Urtasun, ha puesto envalor las manifestaciones ""denuncia"" contra las actuaciones y redadas de los agentes del Servicio de Control de Inmigración y Aduanas (ICE)en Estados Unidos a cargo de artistas como Bad Bunny o Billie Eilish durante la gala de los Premios Grammy este domingo, aunque no ha respondido a si España debe sumarse al movimiento que pide boicotear el Mundial de Fútbol 2026, que se celebra en EE.UU, México y Canadá. ""Artistas que muy claramente han denunciado las atrocidades del ICE. Creo que es absolutamente positivo que voces tan importantes salgan y hagan estas denuncias, igual que un baloncestista de la NBA que también ha salido recientemente.Cuantas más voces -y lo digo porque usted me ha preguntado por el deporte- vinculadas también a la cultura y al deporte se unan a la denuncia de lo que está pasando con el ICE será siempre muy bienvenido y muy positivo"", ha asegurado Urtasun. Precisamente, el artista puertorriqueño hizo un alegato contra los discursos de odio y el ICE al recibir el Premio Grammy por el mejor álbum de música urbana con 'Debí tirar más fotos' (DtMf) en la gala celebrada en Los Ángeles. ""Antes de dar gracias a Dios, voy a decir: ICE, fuera. No somos salvajes, no somos animales, somos seres humanos y somos estadounidenses"", ha dicho al recoger su cuarto galardón aludiendo al Servicio de Control de Aduanas e Inmigración (ICE, por sus siglas en inglés) y sus polémicas redadas que se han saldado con la muerte de dos manifestantes en apenas dos semanas. En la 68.º edición de los Grammys, Bad Bunny afirmaba que ""el odio se vuelve más poderoso con más odio, ante lo que ha recibido una ovación del público. ""Lo único más poderoso que el odio es el amor. Por eso, por favor, tenemos que ser diferentes"", ha añadido. Bunny, de 31 años, que se ha hecho poco antes con otra estatuilla por la mejor interpretación de música global con 'EoO', está nominado asimismo en otras dos de las categorías más importantes de la noche: mejor grabación y mejor canción del año, con un trabajo íntegramente en español.",,Europapress.es
newsapi,“¡Comieron humanos!”: revelaciones de caso Epstein “reflotaron” clásico de la conspiración,"En 2009, la mexicana Gabriela Rico sufrió una crisis de nervios y soltó graves acusaciones. El paradero de la mujer es desconocido.",https://www.montevideo.com.uy/Ciencia-y-Tecnologia/-Comieron-humanos--revelaciones-de-caso-Epstein-reflotaron-clasico-de-la-conspiracion-uc951788,https://imagenes.montevideo.com.uy/imgnoticias/202602/_W933_80/945928.jpg,2026-02-02T12:18:00Z,"El Departamento de Justicia de Estados Unidos publicó el viernes 30 de enero de 2026 un nuevo conjunto de documentos vinculados al caso del financista Jeffrey Epstein, acusado de tráfico de menores y… [+4671 chars]"," Del archivo“¡Comieron humanos!”: revelaciones de caso Epstein “reflotaron” clásico de la conspiraciónEn 2009, la mexicana Gabriela Rico sufrió una crisis de nervios y soltó graves acusaciones. El paradero de la mujer es desconocido.ESCUCHAREscuchar notaGenerando audio…02.02.2026 10:18Lectura: 4'2026-02-02T10:18:00-03:002026-02-02T10:18:00-03:00Compartir en“¡Comieron humanos!”: revelaciones de caso Epstein “reflotaron” clásico de la conspiraciónRecibí GRATIS las noticias en tu celularEl Departamento de Justicia de Estados Unidos publicó el viernes 30 de enero de 2026 un nuevo conjunto dedocumentos vinculados al caso del financista Jeffrey Epstein, acusado de tráfico de menores y abuso sexual. Epstein murió en 2019 mientras se encontraba detenido en el Centro Correccional Metropolitano (MCC) de Nueva York.Entre los archivos ahora disponibles para consulta pública figura un correo electrónico enviado a Epstein el 24 de abril de 2009, cuyo contenido incluye la frase: “¿Dónde estás? ¿Estás bien? Me encantó el video de tortura”.La difusión de estos registros reactivó el debate público y mediático, especialmente en redes sociales, en las cuales circularon nuevas especulaciones a partir de los nombres mencionados en los archivos. Entre las personas citadas figuran el productor Steve Tisch, el empresario Howard Lutnick y Andrew Mountbatten-Windsor.En los documentos también aparecen nombres de figuras mexicanas, como el empresario Ricardo Salinas Pliego, la viuda del empresario Emilio Azcárraga y el presidente honorario de Telmex,Carlos Slim.La mención de este último volvió a poneren circulación un episodio ocurrido a finales de 2009 en el norte de México, en el que se alude a su hijo, Carlos Slim Domit.¿Quién era Gabriela Rico?Gabriela Rico Jiménez adquirió notoriedad pública en agosto de 2009 tras un incidente registrado a las afueras de un hotel de lujo en Monterrey, Nuevo León. En el episodio, que se viralizó en ese momento y volvió a circular en los últimos días, reclamaba su “libertad” y realizaba graves señalamientos contra figuras públicas.En las imágenes, Rico Jiménez, de 21 años, aparece visiblemente alterada, con signos de angustia y movimientos descoordinados, mientras emite diversas declaraciones frente al personal de seguridad del establecimiento. En el video, se la observa realizando acusaciones que involucraban a integrantes de la élite empresarial y política.Durante el episodio, señaló al hijo del empresario Carlos Slim de ocultar información sobre supuestos asesinatos y mencionó específicamente al entonces secretario de gobernación, Juan Camilo Mouriño Terrazo, fallecido en 2008 en un accidente aéreo. “Mouriño no debió haber muerto así”, afirmó.También sostuvo que estas personas formarían parte de una red criminal en la que se habrían cometido actos de canibalismo. “¡Comieron humanos, asquerosidad, comieron humanos!Yo no estaba enterada de nada... de los asesinatos sí, pero de que habían comido humanos. ¡Humanos!”, gritó durante el incidente.En aquel momento, medios del país azteca calificaron el episodio como un “escándalo en vía pública” y señalaron que la mujer atravesaba una crisis de salud mental. Personal policial intervino en el lugar y procedió a su detención.Desde entonces, no se ha confirmado información oficial sobre su paradero. En internet circulan versiones no verificadas que indican que habría sido trasladada fuera del país e internada en un centro psiquiátrico en Buenos Aires, Argentina. El tema continúa siendo objeto de debate en foros y redes sociales, en los que usuarios comparan testimonios y establecen conexiones entre distintos hechos.Con el paso del tiempo, el video de Rico —calificada a veces como “una supermodelo”— se convirtió en un verdadero clásico de los foros sobre teorías de conspiración.Canibalismo y ejecucionesAhora, el video volvió a viralizarse debido a que entre la copiosa información revelada sobre el caso Epstein figura una denuncia sobre asesinato ritual y canibalismo.De los archivos de Jeffrey Epstein.En 2009, la modelo mexicana Gabriela Rico Jiménez, de 21 años, salió corriendo a la calle mientras asistía a una fiesta de la élite, gritando:""¡Se están comiendo a la gente! ¡Es gente!"". Creían que estaba loca.Gabriela desapareció esa noche.pic.twitter.com/GajkEzgT0j— Adel El Zabayar (@Zabayar)February 1, 2026Según el documento EFTA00147661, el FBI entrevistó a una presunta víctima de violación por parte de George H.W. Bush, expresidente de Estados Unidos. La víctima relató que mientras estaba en un yate propiedad de Epstein ""presenció cómo hombres afroamericanos mantenían relaciones sexuales con mujeres rubias blancas"" hasta hacerlas sangrar.""[Él] Fue víctima de una especie de sacrificio ritual en el quele cortaron los pies con una cimitarra[sable de hoja curva y un solo filo], pero sin dejar cicatrices"", reza el texto. Además, se menciona que la víctima fue testigo dedescuartizamiento de bebés, a quienes ""les extraían los intestinos y algunas personas comían l",Montevideo Portal,Montevideo.com.uy
newsapi,Claudia Sheinbaum descarta conflictos por la renuncia de Adán Augusto y asegura su apoyo a Morena,Claudia Sheinbaum se pronunció sobre la decisión de Adán Augusto López Hernández de dejar la coordinación de Morena en el Senado de la República,https://www.tribuna.com.mx/mexico/2026/2/2/claudia-sheinbaum-descarta-conflictos-por-la-renuncia-de-adan-augusto-asegura-su-apoyo-morena-428327.html,https://www.tribuna.com.mx/u/fotografias/m/2026/2/2/f1280x720-490578_622253_5050.png,2026-02-02T12:00:00Z,"Ciudad de México.- La primera presidenta de México, la doctora Claudia Sheinbaum Pardo, encabeza su tradicional conferencia  'Mañanera del Pueblo' desde la Cineteca Nacional Chapultepec. Este lunes 2… [+2055 chars]","Ciudad de México.-La primera presidenta de México, la doctoraClaudia Sheinbaum Pardo, encabeza su tradicional conferencia'Mañanera del Pueblo'desde la Cineteca Nacional Chapultepec. Este lunes 2 de febrero de 2026, compartió que la renuncia de Adán Augusto López Hernández a la coordinación de Morena en elSenado de la Repúblicafue una decisión personal del legislador, por lo que, a pesar de esto, seguirá apoyando al movimiento desde otras trincheras. La misma exjefa de Gobierno de la Ciudad de México (2018-2023) comentó que el funcionario público notificó sobre su decisión a la secretaria de Gobernación,Rosa Icela Rodríguez, pues el proceso se llevó a cabo con conocimiento del gobierno federal. En aquel entonces, el secretario de Gobernación durante el gobierno del presidente Andrés Manuel López Obrador(2021-2023) señaló que se integraría altrabajo territorial de Morena. ""Le informó a la secretaria de Gobernación hace unos días, y sabíamos que se iba a integrar al trabajo territorial de Morena"", explicó la representante del poder ejecutivo, añadiendo que esta labor es clave rumbo a los próximosprocesos internos y electorales del partido. Es necesario destacar que, cuando se dio a conocer su decisión, él expresó queIgnacio Mieres el perfilmejor calificadopara asumir la coordinación de la bancada. En el instante en que se le cuestionó a Sheinbaum Pardo sobre si considera adecuada la salida de Adán Augusto del Senado para fortalecer la operación política del partido, ella dejó muy en claro que fue unadecisión individual,descartando que el político tenga algún problema conMorenay reiterando que seguirá siendo una pieza importante en laCuarta Transformacióndesde donde le corresponda. #Opinión| Hoy puedes leer en TRIBUNA a Miguel Romandía con su columna El giro de negocios de los supermercados... y la tendencia que marcó la forma de generar este comercio a los empresarios tradicionales…uD83DuDDE3???https://t.co/hHl1rUSo1U Asimismo, otra de las hipótesis que apuntaban a un posible nombramiento diplomático fue descartada por completo, por lo que no hay ninguna oferta para él, a diferencia deAlejandro Gertz Manero, quien fue nombrado embajador de México en el Reino Unido: ""No,él tomó la decisióny el partido de invitarlo; eso fue lo que nos informó"", puntualizó Sheinbaum Pardo respecto al destino profesional de su compañero. Fuente: Tribuna del Yaqui Envíanos tu mensaje y nuestros reporteros se acercarán al lugar de los hechos.",Cynthia Ángel,Tribuna.com.mx
newsapi,Precio del dólar HOY lunes 2 de febrero 2026: ¿Cómo amaneció el peso mexicano según el tipo de cambio?,"Descubre cuál es el precio del dólar para HOY, lunes 2 de febrero del 2026, según el tipo de cambio en este inicio de semana, ¿cae o se alza el peso?",https://www.tribuna.com.mx/politica/2026/2/2/precio-del-dolar-hoy-lunes-de-febrero-2026-como-amanecio-el-peso-mexicano-segun-el-tipo-de-cambio-428315.html,https://www.tribuna.com.mx/u/fotografias/m/2026/2/2/f1280x720-490557_622232_5050.jpg,2026-02-02T12:00:00Z,"Ciudad de México.- El precio del dólar sigue en un flujo constante, siguiendo las tendencias económicas y políticas, que hacen cambiar su valor a diario, por lo que las páginas oficiales que manejan … [+2078 chars]","Ciudad de México.-Elprecio del dólarsigue en un flujo constante, siguiendo las tendencias económicas y políticas, que hacen cambiar su valor a diario, por lo que las páginas oficiales que manejan si sufrió una caída o si se recupera, según eltipo de cambio, han compartido cuál es el precio actual de la moneda originaria de Estados Unidos dentro de la República Mexicana, en los bancos del país, para la mañana de estelunes 2 de febrero del 2026. El precio del dólar diariamente varía en precio por diferentes factores, como en temas de política y afectaciones económicas, como es el caso más reciente, y actualmente uno de los más importantes, los aranceles y obstáculos de exportación deDonald Trump, así como la cuestión de las fluctuaciones en la bolsa de valores, y diariamente se realizan cambios en los portales especializados en el tema y actualizar los precios, así sea el más mínimo. Según lo informado por el portal de noticias especializado en monitorear los cambios en la moneda estadounidense, El Blooming, el último cambio que se ha realizado es que la moneda mexicanatiene un valor de $17.37 pesos por cada dólar, que aunque no es mucho, presenta una pérdida del 0.52, ante el cierre del domingo 1 de febrero, sin embargo, aclaran que en los bancos mexicanos cotizan la compra del dólar en $16.89 pesos, mientras que a la venta está en $17.92 pesos, para este sábado. Banco Afirmecompra en 16.50 y vende en 17.90 pesos mexicanos Banamexcompra 16.89 y vende en 17.89 BBVA Bancomercompra 16.39 y vende en 17.92 Santandercompra en 16.15 y vende en 17.85 Scotiabankcompra en 16.70 y vende en 18.20Banortecompra en 16.25 y vende en 17.80Banco Aztecacompra en 17.00 y vende en 17.59Recuerda que el valor de la divisa oficial de EU se establece de acuerdo datos emergentes sobre la inflación (fenómeno mundial y constante), la tasa de interés y el mercado actual, por lo que su precio puede tener importantes variaciones de un día a otro, por lo que es importante que diariamente se busque información con respecto a los precios que se manejarán en los distintas empresas bancarias.El dólar presenta una perdida del 0.52 por ciento. InternetFuente: Tribuna del Yaqui Banortecompra en 16.25 y vende en 17.80Banco Aztecacompra en 17.00 y vende en 17.59Recuerda que el valor de la divisa oficial de EU se establece de acuerdo datos emergentes sobre la inflación (fenómeno mundial y constante), la tasa de interés y el mercado actual, por lo que su precio puede tener importantes variaciones de un día a otro, por lo que es importante que diariamente se busque información con respecto a los precios que se manejarán en los distintas empresas bancarias.El dólar presenta una perdida del 0.52 por ciento. InternetFuente: Tribuna del Yaqui Banco Aztecacompra en 17.00 y vende en 17.59Recuerda que el valor de la divisa oficial de EU se establece de acuerdo datos emergentes sobre la inflación (fenómeno mundial y constante), la tasa de interés y el mercado actual, por lo que su precio puede tener importantes variaciones de un día a otro, por lo que es importante que diariamente se busque información con respecto a los precios que se manejarán en los distintas empresas bancarias.El dólar presenta una perdida del 0.52 por ciento. InternetFuente: Tribuna del Yaqui",Alejandra HolguÍn,Tribuna.com.mx
newsapi,"Boric oficializa la candidatura de Bachelet a la secretaría general de la ONU, con apoyos de Brasil y México","Pese a la resistencia de la oposición, el mandatario concretó la postulación de la exmandataria a este cargo de relevancia internacional.",https://www.df.cl/economia-y-politica/actualidad/boric-oficializa-la-candidatura-de-bachelet-a-la-secretaria-general-de-la,https://www.df.cl/noticias/site/artic/20260202/imag/foto_0000000420260202082808/Aton_1122212.jpeg,2026-02-02T11:20:00Z,En medio del rechazo de gran parte de la oposición al respecto que ha señalado que una eventual candidatura a la secretaría general de la Organización de Naciones Unidas (ONU) no está entre las prior… [+4053 chars],"En medio del rechazo de gran parte de la oposición al respecto que ha señalado que una eventual candidatura a la secretaría general de la Organización de Naciones Unidas (ONU) no está entre las prioridades de la próxima administración,el Presidente Gabriel Boric informó este lunes la formalización de la candidatura de la expresidenta Michelle Bachelet a encabezar el citado organismo internacional, con apoyos de Brasil y México. Con una puesta en escena en la que además del canciller y otras autoridades,se encontraba la propia exmandataria, el Presidente formalizó la postulación. Cabe recordarque el Presidente Boric presentó la candidatura de la exmandataria hace algunos meses desde la sede de la ONU, donde destacó la trayectoria política y multilateral deBachelet,recordando especialmente que fue la primera mujer presidenta de Chile, ministra de Salud y Defensa, directora ejecutiva de ONU Mujeres y Alta Comisionada de las Naciones Unidas para los Derechos Humanos. “Su biografía encarna los valores que inspiran esta organización: empatía, firmeza, experiencia y capacidad de diálogo”,afirmó en esa ocasión. El mandatario inició su alocución de esta mañana de lunes saludando: “Chilenos y chilenas, ciudadanos del mundo” y acto seguido anunció que “tengo el honor y el orgullo, desde este Palacio de La Moneda de Chile, anunciar a las y los ciudadanos de nuestra patria y el mundo quehoy oficializaremos, en la ciudad de Nueva York, la candidatura de la expresidenta de Chile, Michelle Bachelet Jeria, a la secretaría general de las Naciones Unidas”. TE PUEDE INTERESAR{{if(link!='')}}{{/if}}
                {{if(link=='')}}{{/if}}
                    {{if(fotofija_comun600!='')}}{{/if}}
                    {{if(fotofija_comun600=='')}}{{/if}}{{if(link!='')}}{{/if}}
                {{if(link=='')}}{{/if}}{{_txt_titular}}{{if(_txt_bajada!='')}}{{_txt_bajada}}{{/if}} En su discurso,el mandatario aseguró que nuestro país no está sólo en este desafío, sino que la aspiración es compartida con Brasil y México, “los dos países más poblados de América Latina”,los que suscribieron la postulación de Bachelet al cargo, cuyos embajadores –Pablo Pacheco y Laura Moreno, respectivamente- participaron en el anuncio, y a través de los cuales agradeció el respaldo de sus respectivos mandatarios, Claudia Sheinbaum y Luiz Inácio Lula da Silva, puesto que esta asociación“nuestras naciones, a través de este acto, manifiestan su voluntad común de contribuir a la gobernanza global y al fortalecimiento del multilateralismo”. A lo que añadió que“el sistema internacional puede y debe ser capaz de responder con mayor eficacia y sentido de urgencia, legitimidad y humanidad a los grandes problemas del mundoglobal”. Y, en este contexto, Boric enfatizó que “nuestro prestigio en el mundo se sustenta en principios y valores ampliamente compartidos, en nuestro papel destacado en el origen mismo delmultilateralismo y en la serena firmeza que guía nuestras tomas de posición en problemas apremiantes para comunidad global”, entre los que incluyó la promoción de la paz internacional. El mandatario destacó, una vez más, la trayectoria “impecable” de Bachelet, enfatizando su vida pública “marcada por su compromiso con la democracia, la defensa irrestricta de los derechos humanos y el fortalecimiento d3e instituciones que deben estar al servicio especialmente de los más vulnerables”. TE PUEDE INTERESAR{{if(link!='')}}{{/if}}
                {{if(link=='')}}{{/if}}
                    {{if(fotofija_comun600!='')}}{{/if}}
                    {{if(fotofija_comun600=='')}}{{/if}}{{if(link!='')}}{{/if}}
                {{if(link=='')}}{{/if}}{{_txt_titular}}{{if(_txt_bajada!='')}}{{_txt_bajada}}{{/if}}",Claudia Rivas,Www.df.cl
newsapi,Con Brasil y México: Presidente Boric anuncia inscripción de candidatura de Michelle Bachelet a la ONU,"El Mandatario realizó la declaración desde La Moneda, acompañado de la expresidenta, el canciller Alberto van Klaveren y los embajadores de ambos países que apoyan la cruzada por la Secretaría General del organismo multilateral.",https://www.latercera.com/politica/noticia/con-brasil-y-mexico-presidente-boric-anuncia-inscripcion-de-candidatura-de-michelle-bachelet-a-la-onu/,https://www.latercera.com/resizer/v2/XJ7O5FUHEVAANBQRLNN6R2KDGM.jpg?auth=35d0807b6f2c81a976de3d899821585d3be863b106d692930edebae407cb4beb&height=630&width=1200&smart=true,2026-02-02T11:17:06Z,"Pasadas las 8.00 horas de este lunes 2 de febrero, y tal como lo había comprometido, el Presidente Gabriel Boric oficializó la inscripción de la candidatura de la exmandataria Michelle Bachelet a la … [+2883 chars]","Pasadas las 8.00 horas de este lunes 2 de febrero, y tal como lo había comprometido, elPresidente Gabriel Boricoficializó la inscripción de la candidatura de la exmandatariaMichelle Bacheleta la Secretaría General de Naciones Unidas (ONU). El Mandatario realizó la declaración desde La Moneda, acompañado de la expresidenta, el cancillerAlberto van Klavereny los embajadores de Brasil,Paulo Pacheco, y México,Laura Moreno, países que apoyan la cruzada por la Secretaría General del organismo multilateral. De acuerdo a lo señalado por Boric, la inscripción de la candidatura se realizará en esta jornada en Nueva York: “Desde Santiago de Chile, anunciar a las y los ciudadanos de nuestra patria y el mundo quehoy oficializaremos en la ciudad de Nueva York la candidatura de la expresidenta de Chile, Michelle Bachelet Jeria, a la Secretaría General de las Naciones Unidas"". “En esta nominación, como pueden ver, no estamos solos. La candidatura de la presidenta Bachelet que inscribiremos, que más bien ya ha sido inscrita en Naciones Unidas,será presentada conjuntamente con los países hermanos de Brasil y México, los dos países más poblados de América Latina”, dijo. En su discurso, el Jefe de Estado destacó la decisión de los gobernantesLula da SilvayClaudia Sheinbaumde respaldar la candidatura de la expresidenta chilena. “Nuestras naciones, a través de este acto, manifiestan su voluntad común de contribuir a la gobernanza global y al fortalecimiento del multilateralismo, y esta candidatura expresa a la vez una esperanza compartida, que América Latina y el Caribe hagan oír su voz en la construcción de soluciones colectivas a los tremendos desafíos de nuestro tiempo. Creemos también que el sistema internacional puede y debe ser capaz de responder con mayor eficacia, sentido de urgencia, legitimidad y humanidad a los grandes problemas del mundo global”, remarcó. Luego, el Mandatario enfatizó las credenciales de Bachelet para asumir este nuevo desafío. “Michelle Bachelet Jeria ha desarrollado una vida pública marcada por el compromiso con la democracia, con la defensa irrestricta de los derechos humanos y el fortalecimiento de instituciones que están y deben estar al servicio de las personas, especialmente de los más vulnerables. Su trayectoria como dos veces jefa de Estado en Chile, la primera mujer, por cierto, una mujer que abre caminos, como ministra de Salud y de Defensa Nacional, como primera directora ejecutiva de ONU Mujeres, como alta comisionada de las Naciones Unidas para los Derechos Humanos y servidora pública a nivel internacional,dan cuenta de una experiencia política y humana que le permite ofrecer un aporte serio y sustantivo al trabajo de Naciones Unidas en momentos en que el mundo necesita de más cooperación, más confianza y más responsabilidad compartida”, resaltó. Y luego agregó: “Las veces que he tenido la oportunidad de estar en encuentros multilaterales en el extranjero con la presidenta, la verdad es que es impresionante el reconocimiento, respeto y cariño que se le tiene en todos los lugares del mundo”. COMENTARIOS",Alonso Aranda,Latercera.com
newsapi,"¿Qué se celebra hoy, lunes 2 de febrero de 2026 alrededor del mundo? Las efemérides de esta jornada","En esta jornada de 2 de febrero, hay múltiples sucesos que cumplen años. Se trate de hechos históricos, nacimientos o días festivos, aquí se describen los más relevantes.",https://www.elpais.com.uy/vida-actual/efemerides/que-se-celebra-hoy-lunes-2-de-febrero-de-2026-alrededor-del-mundo-las-efemerides-de-esta-jornada,https://imgs.elpais.com.uy/dims4/default/b1c8426/2147483647/strip/true/crop/1148x558+0+106/resize/1440x700!/quality/90/?url=https%3A%2F%2Fel-pais-uruguay-production-web.s3.us-east-1.amazonaws.com%2Fbrightspot%2Ff5%2Fa4%2F04f341e640608a9fc8d959768d2b%2F2148693336.jpg,2026-02-02T10:58:56Z,"Al comenzar un nuevo día, en este caso el lunes 2 de febrero, muchos suelen preguntarse qué pasó un día como hoy, pero en años previos, alrededor del mundo. Según consigna esta jornada el portal espa… [+5189 chars]",Texto no disponible,Ismael Suárez,Diario EL PAIS Uruguay
newsapi,"Las negociaciones de Trump con Cuba dan sus primeros frutos: ""El tiempo del comunismo se acabó""","La dictadura caribeña ""propone renovar la cooperación técnica con Estados Unidos en áreas que incluyen la lucha contra el terrorismo"".",https://www.libertaddigital.com/internacional/latinoamerica/2026-02-02/las-negociaciones-de-trump-con-cuba-dan-sus-primeros-frutos-el-tiempo-del-comunismo-se-acabo-7352792/,https://s1.staticld.com/2026/02/02/1200/675/483x542/cubano-recoge-basura-habana-020226.jpg,2026-02-02T10:43:54Z,"Cerrar el grifo ha surtido efecto. El régimen cubano se ha sentado a negociar con Estados Unidos ante la imposibilidad de conseguir que algún país le suministre petróleo, después de perder a su princ… [+5636 chars]","Cerrar el grifo ha surtido efecto.El régimen cubano se ha sentado a negociarcon Estados Unidos ante la imposibilidad de conseguir que algún país le suministre petróleo, después de perder asu principal distribuidor —Venezuela, que le facilitaba decenas de miles de barriles diarios— tras lacaptura del sátrapa Nicolás Maduroel pasado 3 de enero. En primer lugar,Donald Trump convenció a México—que tenía previsto entregarle un cargamento a finales de enero—. Y después el presidente estadounidense firmó una orden ejecutiva por la que sefijaba la imposición de arancelesa los países que suministraran crudo a la dictadura caribeña. Aunque en un primer momentoel régimen comunista sacó las garrase invitó a la ciudadanía incluso a dormir con armas como almohadas, ante el temor de que Estados Unidos decidiera intervenir militarmente en Cuba —como hizo en Venezuela—. La situación del país, que pasa por lapeor crisis energética de su historia, ha llevado a la dictadura a explorar la vía diplomática. #MartiVive""Estos tiempos no son para acostarse con el pañuelo a la cabeza, sino con las armas de almohada"".pic.twitter.com/qdBGc6YJBA El propio Trump ha confirmado este domingo que su administración está manteniendo conversaciones con el régimen.""Estamos hablando con las más altas esferas"", ha asegurado. ""Creo que vamos a llegar a un acuerdo"", ha añadido con tono conciliador pero firme. ""Seremos amables, perolas cosas tienen que cambiar"", ha dicho.""El tiempo del comunismo se acabó"". 🇺🇸🇨🇺 | URGENTE — Donald Trump confirma que han comenzado a negociar con los altos mandos del régimen cubano: ""Estamos hablando con las más altas esferas de Cuba. Veamos qué pasa"". ""Creo que vamos a llegar a un acuerdo con Cuba"".pic.twitter.com/F7U8vWNvL3 Trump ya se había mostrado convencido de que a Cuba no le quedaría más remedio que buscar un acuerdo con Washingtonel día antes, a bordo del Air Force One. ""Su situación es muy grave"", explicaba,""vivían del dinero y el petróleo venezolanos, y nada de eso les llegará ahora"". El mandatario estadounidense iba bien encaminado. 🇺🇸🇨🇺 | AHORA — Trump sobre Cuba:",Yésica Sánchez,Libertaddigital.com
newsapi,Inician periodo sin Adán como líder y esperan la reforma,El Congreso de la Unión abrió su periodo de sesiones ya sin Adán Augusto López como coordinador de los senadores de Morena y a la espera de la iniciativa de reforma electoral por parte del Ejecutivo.El político tabasqueño aclaró que no deja su escaño y que su…,https://www.milenio.com/politica/inician-periodo-adan-lider-esperan-reforma,https://cdn.milenio.com/uploads/media/2026/02/02/coordinador-entrante-saliente-morena-senado.jpg,2026-02-02T08:59:44Z,El Congreso de la Unión abrió su periodo de sesiones ya sin Adán Augusto López como coordinador de los senadores de Morena y a la espera de la iniciativa de reforma electoral por parte del Ejecutivo.… [+4951 chars],"Para ver esta página correctamente, necesitas activar JavaScript en tu navegador. El Congreso de la Unión abrió su periodo de sesiones ya sinAdán Augusto Lópezcomo coordinador de los senadores de Morena y a la espera de la iniciativa de reforma electoral por parte del Ejecutivo. El político tabasqueño aclaró que no deja su escaño y que su labor legislativa la combinará con “trabajo territorial”. Su lugar al frente de la fracción guinda en el Senado lo ocuparáIgnacio Mier. Entre la oposición hubo quienes confiaron en que el relevo en el liderazgo morenista traerá mejores tiempos, como la panista Kenia López quien previó que regresarán el diálogo y el respeto a todos los grupos parlamentarios. Con la asistencia de 78 de 128 senadores y 419 de 500 diputados, el Congreso abrió el segundo periodo de sesiones del año dos de la 66 Legislatura. Entre los temas centrales de la agenda para el periodo febrero-abril, los legisladores prevén discutir la iniciativa de reforma constitucional en materia electoral que envíe la presidenta Claudia Sheinbaum, además de los nombramientos del titular de la Auditoría Superior de la Federación y de tres integrantes del Consejo General del INE. En sesión de Congreso General de solo doce minutos, la presidenta de la Mesa Directiva, Kenia López, declaró el inicio de los trabajos legislativos. En este contexto,  Adán Augusto López dejó la coordinación de Morena en el Senado, aunque informó que no dejará la bancada que ahora encabezará Ignacio Mier. Dio a conocer que al inicio de la reunión plenaria de la bancada morenista, “comuniqué al grupo parlamentario que tomé la decisión de retirarme de la coordinación” y recordó que en ese cargo se cumplieron algunas tareas que les fueron encomendadas como construir una mayoría calificada y consolidar el llamado plan C, es decir, la reforma al Poder Judicial. El tabasqueño también se serpará de la Junta de Coordinación Política y aseguró en conferencia que no buscará un cargo diplomático. ”Me tocará estar en todo el país, específicamente también en las circunscripciones que tienen mayor padrón electoral, y vamos a ello porque en Morena el objetivo principal es ganar prácticamente todas las gubernaturas en disputa en 2027 pero, sobre todo, mantener la mayoría calificada en Cámara de Diputados y, desde luego, en el Senado”, insistió.","Liliana Padilla,Fernando Damián",Milenio
newsapi,Presidente Boric oficializa la candidatura de Michelle Bachelet a la ONU: Contará con apoyo de Brasil y México,"El Mandatario afirmó que la postulación ya fue inscrita ante Naciones Unidas y que se presentará en multilateralismo. En el anuncio, realizado a las afueras del Palacio de La Moneda junto al canciller Alberto van Klaveren, agradeció el respaldo de Luiz Inácio…",https://www.cnnchile.com/pais/presidente-boric-oficializa-candidatura-michelle-bachelet-onu_20260202/,https://media.cnnchile.com/sites/2/2026/02/GABRIEL-BORIC-MICHELLE-BACHELET.png,2026-02-02T08:26:21Z,"El Mandatario afirmó que la postulación ya fue inscrita ante Naciones Unidas y que se presentará en multilateralismo. En el anuncio, realizado a las afueras del Palacio de La Moneda junto al cancille… [+2526 chars]","El Mandatario afirmó que la postulación ya fue inscrita ante Naciones Unidas y que se presentará en multilateralismo. En el anuncio, realizado a las afueras del Palacio de La Moneda junto al canciller Alberto van Klaveren, agradeció el respaldo de Luiz Inácio Lula da Silva y Claudia Sheinbaum. El PresidenteGabriel Boricoficializó este lunes la candidatura de la expresidenta Michelle Bachelet a la Secretaría General de laOrganización de las Naciones Unidas(ONU) y aseguró que la presentación se realizará de forma conjunta con Brasil y México. “La candidatura de la Presidenta Bachelet que inscribiremos, que más bienya ha sido inscrita en Naciones Unidas, será presentada conjuntamentecon los países hermanos de Brasil y México”, sostuvo el Mandatario, quien además saludó a los representantes diplomáticos de ambos países presentes en la actividad. En su intervención, Boric agradeció “el apoyo, la convicción, el coraje” del presidente de Brasil, Luiz Inácio Lula da Silva, y de la presidenta de México, Claudia Sheinbaum, con quienes dijo haber conversado durante los últimos meses para consolidar el respaldo regional a la postulación. Lee también:“Expresidenta Michelle Bachelet tras oficialización de su candidatura a la ONU: ‘Asumo la tremenda responsabilidad que significa’“ El Presidente enmarcó el anuncio como una señal política hacia el multilateralismo y el rol de la región en la agenda global. “Nuestras naciones, a través de este acto, manifiestan su voluntad común de contribuir a la gobernanza global y al fortalecimiento del multilateralismo”, afirmó, y añadió que la candidatura busca que América Latina y el Caribe“hagan oír su voz”en la construcción de soluciones colectivas a los desafíos actuales. Boric también planteó que el sistema internacional “puede y debe” responder con mayor eficacia, urgencia, legitimidad y humanidad frente a los grandes problemas del mundo. En ese sentido, mencionó como prioridades los objetivos de desarrollo sostenible, la promoción de la paz, el combate a la crisis climática y la denuncia de atropellos a los derechos humanos“en cualquier contexto y lugar”. Respecto del perfil de la exmandataria, sostuvo que se trata de “una candidatura respaldada por una trayectoria impecable y ampliamente valorada en el mundo”. En esa línea, destacó su recorrido como dos veces jefa de Estado, primera mujer en ocupar la Presidencia de Chile, exministra de Salud y de Defensa, exdirectora ejecutiva de ONU Mujeres y ex alta comisionada de las Naciones Unidas para los Derechos Humanos. El anuncio se suma a gestiones previas del Ejecutivo, queya había manifestado durante 2025 su intención de impulsar la nominación de Michelle Bachelet a la Secretaría General de la ONU.",CNN Chile,Cnnchile.com
newsapi,Creció 48.5 por ciento el delito de venta de drogas al menudeo en 2025: fiscalía,"El delito de narcomenudeo en su modalidad de venta registró “un aumento relevante” al pasar de 2 mil 299 carpetas de investigación en 2024 a 3 mil 414 en 2025, es decir, mil 115 más, equivalentes a un incremento de 48.5 por ciento, reporta la Fiscalía General…",https://www.jornada.com.mx/2026/02/02/capital/028n1cap,https://www.jornada.com.mx/2026/02/02/fotos/028n1cap-1.jpg,2026-02-02T08:06:23Z,"Periódico La JornadaLunes 2 de febrero de 2026, p. 28
El delito de narcomenudeo en su modalidad de venta registró un aumento relevante al pasar de 2 mil 299 carpetas de investigación en 2024 a 3 mil… [+3343 chars]","Fue un “aumento relevante”, considera Carpetas de investigación pasaron de 2 mil 299 en 2024 a 3 mil 414 // Al día, 9.35 casos // Entrega Plan de Política Criminal al Congreso El delito denarcomenudeoen su modalidad de venta registró “un aumento relevante” al pasar de 2 mil 299 carpetas de investigación en 2024 a 3 mil 414 en 2025, es decir, mil 115 más, equivalentes a un incremento de 48.5 por ciento, reporta la Fiscalía General de Justicia (FGJ) de la Ciudad de México en el Plan de Política Criminal y Programa de Persecución Penal 2026, que entregó al Congreso local. En el documento, la FGJ no refiere el tipo de estupefacientes más vendidos ni cantidades, pero indica que en 2025 la incidencia del delito denarcomenudeomostró comportamientos diferenciados según la modalidad, es decir, que la posesión tuvo un incremento marginal de 0.6 por ciento al pasar de 2 mil 601 en 2024 a 2 mil 616 el año pasado, que significa un aumento de 16 casos. En tanto, durante 2025, de acuerdo con la Dirección General de la Unidad de Estadística de la dependencia, elnarcomenudeoen su modalidad de venta al mes registró 284.5 carpetas de investigación; 65.65 a la semana y 9.35 casos en un día. La FGJ considera dicho delito como un fenómeno criminal identificado en posesión y venta de drogas, por lo que señala que la distinción resulta fundamental para orientar la investigación, la priorización de casos y la definición de la respuesta penal. Aclara que el fenómeno criminal “se analiza considerando el tipo de sustancia involucrada, dado que la posesión y la venta de drogas presentan dinámicas distintas según se trata de sustancias con mayor impacto en la salud pública o con mayor incidencia en contextos de violencia y control territorial”. Añade que “la combinación de ambos criterios –conducto y sustancia– permite una lectura más precisa del fenómeno, facilita la diferenciación entre casos de consumo, distribución y comercialización, y contribuye a una respuesta institucional acorde con la gravedad y el contexto de cada hecho”. Se incrementaron despojos En cuanto al delito de despojo, la FGJ indica que en la capital se registraron 10.4 casos diarios, que representaron un incremento de 4.25 por ciento al pasar de 3 mil 642 casos en 2024 a 3 mil 797 en 2025.","DEMOS, Desarrollo de Medios, S.A. de C.V.",Jornada.com.mx
newsapi,Alonso Romero: La consolidación de Pemex,Los resultados de las políticas económicas rara vez son inmediatos. El caso de la política energética de México es el ejemplo. A los regímenes neoliberales les tomó 30 años destruir la capacidad productiva de energéticos en México. Pasamos de ser un país con …,https://www.jornada.com.mx/2026/02/02/opinion/015a1pol,https://www.jornada.com.mx/imagemeta/1200x630BN.jpg,2026-02-02T08:06:23Z,os resultados de las políticas económicas rara vez son inmediatos. El caso de la política energética de México es el ejemplo. A los regímenes neoliberales les tomó 30 años destruir la capacidad produ… [+5578 chars],"os resultados de las políticaseconómicas rara vez son inmediatos. El caso de la política energética de México es el ejemplo. A los regímenes neoliberales les tomó 30 años destruir la capacidad productiva de energéticos en México. Pasamos de ser un país con un alto índice de independencia energética, tanto en el sentido tradicional (producir más energía de la que se consume) como en el sentido extendido, que incluye la capacidad de producción de tecnología, investigación y mano de obra especializada. Un ecosistema complejo de instituciones y centros de investigación dedicados a la materia energética fue lentamente desmantelado bajo la errónea premisa de que importar todo siempre sale más barato. La estocada final se dio cuando se aprobó la reforma energética de Peña Nieto, y Pemex fue particularmente asediado por una serie de funcionarios públicos que desde la Dirección General y desde la Secretaría de Energía destruyeron la capacidad productiva, específicamente donde existe más valor agregado y se generan los productos de mayor utilidad, la refinación y la petroquímica. Para dimensionar el daño que le hicieron a Pemex es importante recordar algunos números. Peña Nieto y su equipo recibieron Pemex en diciembre de 2012 produciendo 1.4 millones de barriles diarios de petrolíferos y lo entregaron seis años después con una producción de tan sólo 554 mil barriles, una disminución de 62 por ciento en tan sólo seis años. En materia de diésel, gasolinas y combustóleo, 35 por ciento de lo producido era combustóleo y sólo se cubría 30 por ciento de la demanda de gasolinas. El Sistema Nacional de Refinación en su conjunto operaba a 30 por ciento de la capacidad instalada y tenía pérdidas de 363 pesos por cada barril refinado. Todo eso a pesar de haber endeudado la empresa hasta 100 mil millones de dólares. Por si fuera poco, también lograron que el saldo de la balanza comercial en materia petrolera se volviera negativo. Dejando claro que no nos salía más barato importar que refinar, pagábamos más dólares por el producto refinado de lo que entraba por exportar crudo (algo evidente para cualquiera, menos para ellos). El primer piso de la 4T rompió este paradigma y se comenzó con la recuperación de la soberanía energética, la cual se había perdido en 2014. El segundo piso continúa ahora con la consolidación de las empresas estatales, y los resultados a tan sólo un año de gobierno de Claudia Sheinbaum se ven de manera significativa. Al cierre de 2025, de conformidad con los datos disponibles en el Sistema de Información Energética, el equipo de Víctor Rodríguez Padilla en Pemex y Luz Elena González en Sener han aumentado la producción de petrolíferos a 1.23 millones de barriles diarios, 122 por ciento arriba de lo que entregó Peña Nieto. La producción de gasolinas aumentó 140 por ciento, el diésel 183 y el combustóleo pasó de representar 35 por ciento a tan sólo 20. El Sistema Nacional de Refinación opera a 53 por ciento de su capacidad (que aumentó 20 por ciento con la inclusión de Dos Bocas) y se han reducido las pérdidas por barril 93 por ciento. Estos datos de producción son previos a lo que entra al país proveniente de Deer Park, refinería propiedad de Pemex en Estados Unidos. Lo anterior por sí sólo es relevante. Lasalud operativa de la mayor empresa del país y la más grande contribuidora al pre-supuesto federal (8 por ciento) mejora y está terminando de revertir 30 años de abandono y malas administraciones en sólo siete años. Pero lo más relevante es que esto contribuye de manera importan-te al fortalecimiento de la soberanía ener-gética. Peña Nieto dejó a México dependiente de Estados Unidos en materia ener-gética en tres frentes: gasolinas, diésel y gas natural. Precisamente por eso destruyeron la capacidad productiva de esos tres insumos esenciales en la economía. Pero ahora, siete años después de haber comenzado el cambio de política, los resultados se están dando. Esta semana se anunció que la producción de combustibles de México está cercana a 80 por ciento de todo lo que se consume, un cambio sumamente relevante si consideramos que en 2018 era tan sólo 30 por ciento. Siete años de política correcta y casi se triplica la producción nacional. Esto también tiene grandes beneficios económicos. Primero, el precio de la gasolina ha bajado en términos reales 10 por ciento comparado con 2018, lo cual ha ayudado a mantener la inflación estable y dentro del rango objetivo del Banco de México. Para fines del sexenio de Peña Nieto, sin producción local y favoreciendo de manera desmedida la importación, la gasolina había aumentado 90 por ciento, y llegaba a 19 pesos por litro, lo que ajustado por la inflación es equivalente a 26.67 pesos por litro hoy. La balanza comercial petrolera se encontraba en negativo y aumentaba el déficit de manera sostenida lo cual contribuyó de manera importante a la fuerte devaluación de 57 por ciento del pesovsel dólar en su sexenio. Ahoravs2018, en términos reales, el saldo de importación de",Alonso Romero,Jornada.com.mx
newsapi,"Unidad, principal tarea, dice el nuevo dirigente guinda","Su principal encomienda será “mantener la unidad y la cohesión, y el diálogo y el respeto” en su bancada, subrayó Ignacio Mier luego de ser nombrado coordinador de los senadores de Morena.",https://www.jornada.com.mx/2026/02/02/politica/005n2pol,https://www.jornada.com.mx/imagemeta/1200x630BN.jpg,2026-02-02T08:06:23Z,"Periódico La JornadaLunes 2 de febrero de 2026, p. 5
Su principal encomienda será mantener la unidad y la cohesión, y el diálogo y el respeto en su bancada, subrayó Ignacio Mier luego de ser nombrad… [+2234 chars]","Su principal encomienda será “mantener la unidad y la cohesión, y el diálogo y el respeto” en su bancada, subrayó Ignacio Mier luego de ser nombrado coordinador de los senadores de Morena. Entrevistado en San Lázaro sobre los cambios que habrá en comparación con Adán Augusto López Hernández, su antecesor en el liderazgo del grupo parlamentario, señaló: “digamos que somos personalidades distintas, nada más”. Tanto Mier como López Hernández arribaron junto al resto de los senadores de Morena a la sesión de Congreso general, realizada ayer en el recinto Legislativo de San Lázaro, con lo que dio inicio el nuevo periodo ordinario de sesiones. Entrevistado al concluir la ceremonia protocolaria, se le preguntó sobre las diferencias dentro de su bancada. Atajó que su partido es un movimiento, lo cual “es lo contrario a algo estático, y un movimiento como el nuestro es diverso, plural, tan grande, con representación prácticamente en todas las secciones electorales del país y con intereses diversos, pero todos apuntando en el mismo sentido: la transformación de México, ahí es donde aparece la política como instrumento que nos permite mantener la unidad”. El cambio en la coordinación morenista generó también reacciones desde otras fuerzas políticas. La presidenta de la Cámara de Diputados, la panista Kenia López Rabadán, expresó: “ojalá la pluralidad regrese al Senado. Ojalá el respeto a todos los partidos, a todos los integrantes, a las compañeras, a los compañeros incluso, aunque no te guste como piensan, esté en el Senado”. Beneplácito en la oposición Confió en que ese órgano “vuelva a ser un espacio de diálogo, respeto, reconocimiento del otro, y sobre todo de parlamento. Entiendo que el senador Nacho Mier –que ha sido aquí también legislador en la Cámara de Diputados– tiene en muchas ocasiones formas muy positivas de construcción. Ojalá eso ayude al Senado”. En tanto, el senador y dirigente nacional del PRI, Alejandro Moreno, sonriente, subrayó que está “muy contento, muy, muy contento” con el cambio. Consideró que el relevo en la coordinación de Morena evidencia que “hay poca coordinación” en las filas morenistas y que López Hernandez “no era interlocutor con ningún partido político”.","DEMOS, Desarrollo de Medios, S.A. de C.V.",Jornada.com.mx
newsapi,Senadores respaldan a la Presidenta,"Los grupos parlamentarios de los partidos Morena, del Trabajo y Verde Ecologista de México en el Senado respaldaron la postura de la presidenta Claudia Sheinbaum de mantener la ayuda humanitaria al pueblo cubano.",https://www.jornada.com.mx/2026/02/02/politica/002n2pol,https://www.jornada.com.mx/imagemeta/1200x630BN.jpg,2026-02-02T08:06:23Z,"Periódico La JornadaLunes 2 de febrero de 2026, p. 2
Los grupos parlamentarios de los partidos Morena, del Trabajo y Verde Ecologista de México en el Senado respaldaron la postura de la presidenta C… [+475 chars]","Los grupos parlamentarios de los partidos Morena, del Trabajo y Verde Ecologista de México en el Senado respaldaron la postura de la presidenta Claudia Sheinbaum de mantener la ayuda humanitaria al pueblo cubano. En un comunicado conjunto, dijeron que es un principio irrenunciable la defensa de “nuestra soberanía y de nuestro derecho a ser solidarios con los pueblos del mundo”. Proporcionar ayuda humanitaria es defender el derecho internacional, los principios establecidos en la Carta de Naciones Unidas y los valores universales, puntualizaron. Reafirmaron, además, los principios de la política exterior de México. ¿Quiénes somos?|Contacto|Publicidad|Aviso legal|Aviso de privacidad.|Código de Ética|Siguenos en: Periódicos:La Jornada Maya|La Jornada Morelos|La Jornada Estado de México|La Jornada Hidalgo La Jornada de Oriente|La Jornada San Luis|La Jornada Veracruz|La Jornada Zacatecas Medios asociados:The Independent|Radio Nederland|Gara|Página/12|Carta Maior|Radio Bilingüe Copyright © 1996-2025 DEMOS, Desarrollo de Medios, S.A. de C.V.Todos los Derechos Reservados.Derechos de Autor 04-2005-011817321500-203. ","DEMOS, Desarrollo de Medios, S.A. de C.V.",Jornada.com.mx
newsapi,El Correo Ilustrado,"El capítulo mexicano de la Red de Intelectuales y Artistas en Defensa de la Humanidad expresa su repudio a la escalada imperialista contra Cuba, al declararla una “amenaza inusual y extraordinaria” para su seguridad nacional.",https://www.jornada.com.mx/2026/02/02/opinion/002a2cor,https://www.jornada.com.mx/imagemeta/1200x630BN.jpg,2026-02-02T08:06:23Z,"Repudian la escalada imperialista contra el pueblo cubano
l capítulo mexicano de la Red de Intelectuales y Artistas en Defensa de la Humanidad expresa su repudio a la escalada imperialista contra Cu… [+4195 chars]","Repudian la escalada imperialista contra  el pueblo cubano l capítulo mexicano de la Red de Intelectuales y Artistas en Defensa de la Humanidad expresa su repudio a la escalada imperialista contra Cuba, al declararla una “amenaza inusual y extraordinaria” para su seguridad nacional. Nos oponemos al criminal bloqueo económico, comercial y financiero, y exigimos se levante inmediatamente. Asimismo, expresamos nuestra firme demanda de que el gobierno de México continúe el suministro de petróleo a la isla y que no ceda a las presiones estadunidenses por ningún motivo, con base en la política de respeto a la soberanía y la independencia nacional. El régimen de Donald Trump es la verdadera y principal amenaza para la paz mundial y para la vida en el planeta. Con Cuba socialista, siempre.  Alicia Castellanos, Tatiana Coll, Polo Castellanos, Ana Esther Ceceña, Carlos Fazio, José Antonio Hernández, Luis Hernández Navarro, Gilberto López y Rivas, Daniel Martínez Cunill, Josefina Morales, Nayar López, Georgette Ramírez, Darío Salinas, Raúl Romero, Marcela Román, Alessandra Pradel, Adalberto Santana, Samuel Sosa, Miguel Álvarez y Marco Velázquez Denuncian precariedad laboral en la Facultad de Ciencias de la UNAM En la Facultad de Ciencias de la UNAM persiste una grave falta de criterios académicos para la asignación de cursos. En particular, la Unidad de Enseñanza de Biología omitió, sin previo aviso, la tabla de criterios correspondiente, dejando el proceso en la opacidad. Igualmente preocupante es la falta de respuesta de las autoridades –dirección, Consejo Técnico y coordinaciones–, quienes incumplen el derecho de petición y las convocatorias publicadas.","DEMOS, Desarrollo de Medios, S.A. de C.V.",Jornada.com.mx
newsapi,Carlos Fernández-Vega: México SA,"Cada que ladra, y lo hace permanentemente, ( fuck) Trump garantiza, por lo menos, tres elementos: mentiras, sandeces y agresiones a granel. Entre lo más reciente, que no lo último, el esperpéntico personaje aseguró que en conversación telefónica con la mandat…",https://www.jornada.com.mx/2026/02/02/opinion/020o1eco,https://www.jornada.com.mx/imagemeta/1200x630BN.jpg,2026-02-02T08:06:23Z,"ada que ladra, y lo hace permanentemente, ( fuck) Trump garantiza, por lo menos, tres elementos: mentiras, sandeces y agresiones a granel. Entre lo más reciente, que no lo último, el esperpéntico per… [+4381 chars]","Trump: agresor, mentiroso y pedófilo //  México: ayuda humanitaria a Cuba //  Listas de Epstein: oligarquía al desnudo ada que ladra, y lo hace permanentemente, (fuck) Trump garantiza, por lo menos, tres elementos: mentiras, sandeces y agresiones a granel. Entre lo más reciente, que no lo último, el esperpéntico personaje aseguró que en conversación telefónica con la mandataria mexicana ella “aceptó la instrucción” de no enviar más petróleo a Cuba, so pena de enfrentar aranceles. La respuesta de la presidenta Sheinbaum fue inmediata: México es un país soberano y toma sus propias decisiones, y subrayó que en dicha plática (con una duración cercana a 40 minutos) “en ningún momento” se abordó ese tema. De cualquier suerte, dijo, “mantenemos la ayuda humanitaria” a la isla, en línea “con lo que ha sido históricamente nuestra tradición de solidaridad y respeto internacional”. Más allá del creciente e inobjetable grado de deficiencia mental de quien despacha en la Oficina Oval (aunque lo hace más seguido en Mar-a-Lago), en la línea del tiempo (fuck) Trump es el mandatario gringo número 13 (incluidas relecciones; de Eisenhower al actual) que, sin éxito, intenta doblegar a la revolución cubana. Transcurridos 67 años, la isla se mantiene firme en sus principios, si bien ha tenido que pagar altísimos costos, que incluyen el ilegal cuan brutal bloqueo impuesto por Estados Unidos, intentos de invasión, sabotajes, incontables atentados (fallidos) contra sus dirigentes y asfixia económica, entre tantos otros. En cambio, a lo largo de ese periodo México ha sido solidario con Cuba y no dejará de serlo, especialmente por razones humanitarias. De hecho, la presidenta Sheinbaum ha dejado en claro que el apoyo de su gobierno a la isla incluye alimentos y otros productos indispensables para el pueblo cubano, “en lo que resolvemos de manera diplomática todo lo que tenga que ver con el envío de petróleo; estamos haciendo todos los trabajos para poder enviar, mientras tanto, ayuda humanitaria que requiere el pueblo cubano de otros enseres, otros insumos fundamentales; éste no es un asunto de los gobiernos, sino de apoyo para evitar una crisis humanitaria”. Y “como lo dije el otro día en la conferencia de prensa: no hablamos nunca con el presidente Trump del tema del petróleo con Cuba”. Días atrás, el demente de la Casa Blanca firmó una orden ejecutiva que declara “emergencia nacional” por “las acciones” de Cuba, las cuales, según él, “constituyen un peligro para la seguridad nacional y la política exterior de Estados Unidos”. A partir de esa locura (una más en su interminable inventario), decidió imponer aranceles “adicionales” a cualquier producto proveniente de países que vendan o suministren petróleo a la isla. “La situación con respecto a Cuba constituye una amenaza inusual y extraordinaria”, pues, según él, el gobierno de la isla “mantiene relaciones con numerosos países hostiles, alberga la mayor instalación de inteligencia de señales de Rusia en el extranjero, continúa desarrollando una profunda cooperación en inteligencia y defensa con China y proporciona refugio seguro a grupos terroristas como Hezbollah y Hamas”. Y por si fuera poco, “continúa difundiendo sus ideas, políticas y prácticas comunistas por todo el hemisferio occidental”. Una oda al cretinismo. Pues bien, la respuesta a la agresión imperial de (fuck) Trump la dio el mismísimo comandante Fidel Castro 23 años atrás (discurso pronunciado en Buenos Aires, Argentina, 26 de mayo de 2003) y es totalmente válida ahora como entonces: “Cuba no lanza bombas contra otros pueblos, ni manda miles de aviones a bombardear ciudades; nuestro país no posee armas nucleares, ni armas químicas, ni armas biológicas. Las decenas de miles de científicos y médicos con que cuenta nuestro país han sido educados en la idea de salvar vidas. Estaría en absoluta contradicción con su concepción poner a un científico o a un médico a producir sustancias, bacterias o virus capaces de producir la muerte a otros seres humanos”. En pocas palabras, Cuba ha procedido en sentido contrario al que perversa y obsesivamente se ha aferrado Estados Unidos, pero dice el condenado por 34 delitos graves que la isla “es un peligro para la seguridad nacional y la política exterior de Estados Unidos”. Las rebanadas del pastel La crema y nata de la oligarquía internacional (como –fuck– Trump, quien a ella pertenece y tiene el mayor número de menciones) es desnudada en las listas del pedófilo Jeffrey Epstein (incluidos varios mexicanos; a ver qué pretexto dan), por lo que es hora de proceder legalmente en su contra, comenzado con el pederasta de la Casa Blanca… Bien: Adán Augusto, ¡fuera! Falta Monreal. X:@cafevega",Carlos Fernández-Vega,Jornada.com.mx
newsapi,Seremos amables; habrá un tipo de pacto con la isla: el magnate,"Washington. El presidente estadunidense, Donald Trump, afirmó que “Cuba es una nación en crisis. Lo ha sido durante mucho tiempo, pero ahora no tiene a Venezuela para sostenerla. Así que estamos hablando con el pueblo cubano, con las altas esferas de Cuba”.",https://www.jornada.com.mx/2026/02/02/politica/002n3pol,https://www.jornada.com.mx/imagemeta/1200x630BN.jpg,2026-02-02T08:06:23Z,"Periódico La JornadaLunes 2 de febrero de 2026, p. 2
Washington. El presidente estadunidense, Donald Trump, afirmó que Cuba es una nación en crisis. Lo ha sido durante mucho tiempo, pero ahora no ti… [+1940 chars]","Washington. El presidente estadunidense, Donald Trump, afirmó que “Cuba es una nación en crisis. Lo ha sido durante mucho tiempo, pero ahora no tiene a Venezuela para sostenerla. Así que estamos hablando con el pueblo cubano, con las altas esferas de Cuba”. Agregó: “veremos qué pasa. Quiero que las personas que llegaron aquí y que fueron tratadas horriblemente por Cuba sean atendidas, que puedan regresar y hacer lo que tengan que hacer. Saben que tienen a sus familias allí y no han podido verlas en años, muchos, muchos años. Así que creo que podremos llegar a un acuerdo con Cuba. El país está en mal estado. Cuba tiene un problema humanitario”. Trump hizo estas declaraciones al ser interceptado ayer por reporteros de Fox News, en momentos en que presiona a la isla tras el secuestro del ex gobernante venezolano Nicolás Maduro. Predijo que se llegaría a algún tipo de acuerdo con la isla y aseguró: “Seremos amables”. Expuso: “tenemos una situación que es muy mala para Cuba. No tienen dinero. No tienen petróleo. Vivían del dinero y del petróleo venezolanos, y ahora no reciben nada de eso. Y luego la presidenta de México, la presidenta Sheinbaum, fue muy buena. Le dije: ‘Mira, no queremos que envíes petróleo allí’, y ella no está enviando petróleo”. Condena al terrorismo El ministerio de Relaciones Exteriores de Cuba afirmó anoche que el país caribeño “condena de manera inequívoca el terrorismo en todas sus formas, al tiempo que reafirma su compromiso de cooperar en distintos escenarios con Estados Unidos y otras naciones para fortalecer la seguridad regional e internacional. “Cuba declara categóricamente que no alberga, no apoya, no financia ni permite organizaciones terroristas o extremistas. Nuestro país mantiene una política de tolerancia cero frente al financiamiento del terrorismo y el lavado de dinero”, señaló en una declaración publicada por el portalCubadebate. “Cuba no alberga bases militares o de inteligencia extranjeras y rechaza la caracterización de ser una amenaza para la seguridad de Estados Unidos. El texto completo enhttps://shorturl.at/pkRlK ¿Quiénes somos?|Contacto|Publicidad|Aviso legal|Aviso de privacidad.|Código de Ética|Siguenos en:","DEMOS, Desarrollo de Medios, S.A. de C.V.",Jornada.com.mx
newsapi,Jaime Ortega: Cárdenas y Cuba: el torrente de la solidaridad,"El vínculo entre Cuba y México es de muy largo cuño. La simpatía por los movimientos independentistas y revolucionarios en la isla son tan antiguos como ellos mismos. Esta actitud se vio fortalecida por el exilio mexicano, en distintos momentos, de las “tres …",https://www.jornada.com.mx/2026/02/02/opinion/003a1pol,https://www.jornada.com.mx/imagemeta/1200x630BN.jpg,2026-02-02T08:06:23Z,l vínculo entre Cuba y México es de muy largo cuño. La simpatía por los movimientos independentistas y revolucionarios en la isla son tan antiguos como ellos mismos. Esta actitud se vio fortalecida p… [+4893 chars],"l vínculo entre Cuba y México es de muy largo cuño. La simpatía por los movimientos independentistas y revolucionarios en la isla son tan antiguos como ellos mismos. Esta actitud se vio fortalecida por el exilio mexicano, en distintos momentos, de las “tres M”: Martí, Mella y Marinello. A ellos se sumarían otros personajes como Raúl Roa, quien en suRetorno a la alboradadefiniría a Morelos como “gran héroe civil de México”, a Juárez como “grande por héroe, por revolucionario y por indio” y a Cárdenas como “el más recio caudillo de la Revolución Mexicana”. En el Partido Comunista de México la figura del cubano Mella era, por supuesto, legendaria. Su asesinato en las calles de la colonia Juárez lo volvieron un ícono para los comunistas de ambas naciones. Del testimonio de Benita Galeana se ha difundido la forma clandestina y heroica en que las cenizas de Mella fueran sacadas de México en 1933. Por otro lado, en 1934 la sección mexicana del Socorro Rojo actuaba junto a la LEAR y la campaña Manos fuera de Cuba demandando la no intervención sobre la isla y lo hacían a partir de la similitud de la agresión: en México en 1914 y en la isla dos décadas después. Otras voces y plumas cubanas se dejaban sentir en el ambiente cultural mexicano, una significativa era la de Loló de la Torriente (prima-hermana del legendario periodista Pablo de la Torriente, caído en la guerra civil español), quien era una pluma recurrente enEl Machete. Sin embargo, de entre todos los personajes que compartieron la pasión solidaria por el pueblo cubano, el general Cárdenas es, sin duda, el más relevante y era para menos. No sorprende que desde 1936 numerosas muestras de amistad se dieran desde la isla hacia la acción revolucionaria del michoacano, pues cuando el general ingresó al mando del gobierno la revolución cubana de 1933 ya había derribado al inefable Gerardo Machado y un episodio contado entre otros por Ángel Gutiérrez enLázaro Cárdenas y Cubanos da luces del compromiso mutuo entre los revolucionarios cubanos y el líder popular mexicano. El momento más intenso fue en 1938, cuando con motivo de la expropiación petrolera aparecieran numerosos artículos de homenaje y defensa de aquel acto y también del presidente mexicano. Además del bien conocido por los mexicanos Juan Marinello, Salvador Massip, José Luciano Franco y Ángel Augier se pronunciaron en defensa de la soberanía mexicana. Franco decía que con su praxis Cárdenas había roto “con el complejo de inferioridad impuesto a los países de la América nuestra por los financieros”. De las palabras se pasó a los hechos y un grupo, entre los que se encontró Carlos Rafael Rodríguez al frente del grupo Amigos del Comité Pro Homenaje a México se prestaron a buscar al embajador mexicano en la isla. Marinello, por su parte, se dirigió a Francisco J. Múgica para pedirle que el presidente dirigiera unas palabras al pueblo cubano. Éste convenció a su antiguo compañero de armas y Cárdenas accedió. Fue así que, el 12 de junio de 1938, en el estadio La Polar, en La Habana, se convocó a un gran mitin de apoyo a México, al que asistieron miles de personas. La entrada al mismo se cobró en 10 centavos y la recaudación fue hecha para apoyar el acto expropiatorio, por lo que es factible imaginar que parte de la nacionalización se pagó con el sudor del pueblo cubano. Cárdenas dirigió un mensaje por vía radiofónica desde Tampico, expresando que la autonomía “política y espiritual” de las repúblicas latinoamericanas quedaría mutilada “de no afirmarse un concepto de solidaridad entre sus pueblos”. En el estadio habanero hablaron también Carlos Prío Socarrás, Lázaro Peña y el propio Marinello. El de Cuba fue uno de los actos más significativos en apoyo a la expropiación petrolera fuera de México y la isla de los países que más apoyó frente al boicot de las petroleras. No resulta casual que, décadas adelante, en 1961, un grupo de intelectuales –entre los que se encontraba otro amigo de la Cuba revolucionaria como Revueltas– publicarán en el periódicoHoja revolucionaria, un texto en cuyo titular se leía: “No enviar petróleo a Cuba es traicionar la expropiación petrolera”. Que el general Cárdenas no estuviera ya en el poder no le impidió manifestar su decidido apoyo a la causa del pueblo hermano, misma que tuvo su epicentro en la Conferencia latinoamericana por la soberanía nacional, la independencia económica y la paz a la que asistió, entre otros, Vilma Espín. Muchos años después del fallecimiento del general Cárdenas, en 1995, el comandante Fidel Castro evocaba al michoacano, acompañando un acto en la Plaza de la Revolución, donde lo recordaba “pugnando con su habitual sobriedad, profundamente emocionado y con el ánimo exaltado. Su discurso fue un torrente de fervor revolucionario y latinoamericano”. Que los dos países inmediatos al sur de la frontera con Estados Unidos tuvieran que hacer varias revoluciones para afirmarse como soberanas, es un indicativo de la cualidad de su nacionalismo: defensivo y solidari",Jaime Ortega,Jornada.com.mx
newsapi,Alonso Romero: La consolidación de Pemex,Los resultados de las políticas económicas rara vez son inmediatos. El caso de la política energética de México es el ejemplo. A los regímenes neoliberales les tomó 30 años destruir la capacidad productiva de energéticos en México. Pasamos de ser un país con …,https://www.jornada.com.mx/2026/02/02/politica/015a1pol,https://www.jornada.com.mx/imagemeta/1200x630BN.jpg,2026-02-02T08:06:23Z,os resultados de las políticas económicas rara vez son inmediatos. El caso de la política energética de México es el ejemplo. A los regímenes neoliberales les tomó 30 años destruir la capacidad produ… [+5578 chars],"os resultados de las políticaseconómicas rara vez son inmediatos. El caso de la política energética de México es el ejemplo. A los regímenes neoliberales les tomó 30 años destruir la capacidad productiva de energéticos en México. Pasamos de ser un país con un alto índice de independencia energética, tanto en el sentido tradicional (producir más energía de la que se consume) como en el sentido extendido, que incluye la capacidad de producción de tecnología, investigación y mano de obra especializada. Un ecosistema complejo de instituciones y centros de investigación dedicados a la materia energética fue lentamente desmantelado bajo la errónea premisa de que importar todo siempre sale más barato. La estocada final se dio cuando se aprobó la reforma energética de Peña Nieto, y Pemex fue particularmente asediado por una serie de funcionarios públicos que desde la Dirección General y desde la Secretaría de Energía destruyeron la capacidad productiva, específicamente donde existe más valor agregado y se generan los productos de mayor utilidad, la refinación y la petroquímica. Para dimensionar el daño que le hicieron a Pemex es importante recordar algunos números. Peña Nieto y su equipo recibieron Pemex en diciembre de 2012 produciendo 1.4 millones de barriles diarios de petrolíferos y lo entregaron seis años después con una producción de tan sólo 554 mil barriles, una disminución de 62 por ciento en tan sólo seis años. En materia de diésel, gasolinas y combustóleo, 35 por ciento de lo producido era combustóleo y sólo se cubría 30 por ciento de la demanda de gasolinas. El Sistema Nacional de Refinación en su conjunto operaba a 30 por ciento de la capacidad instalada y tenía pérdidas de 363 pesos por cada barril refinado. Todo eso a pesar de haber endeudado la empresa hasta 100 mil millones de dólares. Por si fuera poco, también lograron que el saldo de la balanza comercial en materia petrolera se volviera negativo. Dejando claro que no nos salía más barato importar que refinar, pagábamos más dólares por el producto refinado de lo que entraba por exportar crudo (algo evidente para cualquiera, menos para ellos). El primer piso de la 4T rompió este paradigma y se comenzó con la recuperación de la soberanía energética, la cual se había perdido en 2014. El segundo piso continúa ahora con la consolidación de las empresas estatales, y los resultados a tan sólo un año de gobierno de Claudia Sheinbaum se ven de manera significativa. Al cierre de 2025, de conformidad con los datos disponibles en el Sistema de Información Energética, el equipo de Víctor Rodríguez Padilla en Pemex y Luz Elena González en Sener han aumentado la producción de petrolíferos a 1.23 millones de barriles diarios, 122 por ciento arriba de lo que entregó Peña Nieto. La producción de gasolinas aumentó 140 por ciento, el diésel 183 y el combustóleo pasó de representar 35 por ciento a tan sólo 20. El Sistema Nacional de Refinación opera a 53 por ciento de su capacidad (que aumentó 20 por ciento con la inclusión de Dos Bocas) y se han reducido las pérdidas por barril 93 por ciento. Estos datos de producción son previos a lo que entra al país proveniente de Deer Park, refinería propiedad de Pemex en Estados Unidos. Lo anterior por sí sólo es relevante. Lasalud operativa de la mayor empresa del país y la más grande contribuidora al pre-supuesto federal (8 por ciento) mejora y está terminando de revertir 30 años de abandono y malas administraciones en sólo siete años. Pero lo más relevante es que esto contribuye de manera importan-te al fortalecimiento de la soberanía ener-gética. Peña Nieto dejó a México dependiente de Estados Unidos en materia ener-gética en tres frentes: gasolinas, diésel y gas natural. Precisamente por eso destruyeron la capacidad productiva de esos tres insumos esenciales en la economía. Pero ahora, siete años después de haber comenzado el cambio de política, los resultados se están dando. Esta semana se anunció que la producción de combustibles de México está cercana a 80 por ciento de todo lo que se consume, un cambio sumamente relevante si consideramos que en 2018 era tan sólo 30 por ciento. Siete años de política correcta y casi se triplica la producción nacional. Esto también tiene grandes beneficios económicos. Primero, el precio de la gasolina ha bajado en términos reales 10 por ciento comparado con 2018, lo cual ha ayudado a mantener la inflación estable y dentro del rango objetivo del Banco de México. Para fines del sexenio de Peña Nieto, sin producción local y favoreciendo de manera desmedida la importación, la gasolina había aumentado 90 por ciento, y llegaba a 19 pesos por litro, lo que ajustado por la inflación es equivalente a 26.67 pesos por litro hoy. La balanza comercial petrolera se encontraba en negativo y aumentaba el déficit de manera sostenida lo cual contribuyó de manera importante a la fuerte devaluación de 57 por ciento del pesovsel dólar en su sexenio. Ahoravs2018, en términos reales, el saldo de importación de",Alonso Romero,Jornada.com.mx
newsapi,Editorial: Cuba y las mentiras de Trump,"El jueves pasado la presidenta Claudia Sheinbaum sostuvo una conversación telefónica con su homólogo estadunidense, Donald Trump, quien poco después calificó de “muy positiva” la charla, elogió a la mandataria mexicana como “una líder maravillosa e inteligent…",https://www.jornada.com.mx/2026/02/02/opinion/002a1edi,https://www.jornada.com.mx/imagemeta/1200x630BN.jpg,2026-02-02T08:06:23Z,"l jueves pasado la presidenta Claudia Sheinbaum sostuvo una conversación telefónica con su homólogo estadunidense, Donald Trump, quien poco después calificó de muy positiva la charla, elogió a la man… [+4027 chars]","l jueves pasado la presidenta Claudia Sheinbaum sostuvo una conversación telefónica con su homólogo estadunidense, Donald Trump, quien poco después calificó de “muy positiva” la charla, elogió a la mandataria mexicana como “una líder maravillosa e inteligente” y coincidió con ella sobre los temas abordados: asuntos fronterizos y comerciales y lucha contra el narcotráfico. Sheinbaum informó que no hablaron sobre Cuba ni acerca de la determinación de México de mantener la ayuda humanitaria a la isla. Por la tarde de ese mismo día, Trump emitió una declaración de “emergencia nacional” por la presunta “amenaza inusual y extraordinaria” que supuestamente Cuba representaría para Estados Unidos, y acusó al gobierno de La Habana de apoyar a “numerosos países hostiles, grupos terroristas trasnacionales y actores malignos adversos” a la superpotencia, todo ello para justificar la adopción de aranceles de represalia contra las naciones que envíen petróleo a la isla. El sábado por la noche, el magnate fue más allá, al afirmar que durante la llamada del jueves pidió a la presidenta de México que suspendiera los envíos de crudo a Cuba, solicitud a la que ella habría accedido. Ayer, durante una gira de trabajo por Sonora, la presidenta Sheinbaum desmintió en forma inequívoca tal aseveración: “no se ha tocado el tema (de los envíos de petróleo al país caribeño) en ninguna de las conversaciones”. Asimismo, informó que la ayuda a la isla proseguirá, con remesas de alimentos y de otros enseres por conducto de la Secretaría de Marina “en lo que resolvemos de manera diplomática todo lo que tenga que ver con el envío de petróleo por razones humanitarias”. Es claro, pues, que en el afán de justificar la agudización del bloqueo criminal que Washington mantiene contra Cuba desde hace más de 60 años, el gobernante estadunidense ha mentido para tratar de envolver a la jefa del Estado mexicano en un juego de desmentidos. Pero no debe perderse de vista que esta falsedad forma parte de una mentira mucho mayor: que Estados Unidos se encuentra bajo una “amenaza cubana” no sólo imaginaria, sino simétricamente contraria a la realidad: a lo largo de 12 administraciones presidenciales, ha sido Washington el que ha agredido en forma sistemática al gobierno de la isla, no sólo mediante agresiones militares directas y el bloqueo comercial, sino también con el apoyo activo a grupos terroristas y facciones desestabilizadoras. Desde principios de los años 60 del siglo pasado, el asunto de Cuba ha sido una clara discordancia entre México y Estados Unidos, pero nunca, hasta ahora, ha implicado un conflicto en las relaciones bilaterales. En ese tema la Casa Blanca está tan aislada en la arena internacional –en contraste con nuestro país, que ha actuado en armonía con la abrumadora mayoría de la comunidad internacional– que ha debido poner entre paréntesis ese capítulo para no contaminar los vínculos con su vecino del sur. Ahora, en lo que parece ser una nueva “huida hacia adelante”, tal vez aconsejada por su secretario de Estado, el anticubano Marco Rubio, con esta nueva ola de hostilidad contra la isla, parece que Trump busca desviar la atención de su agobiante situación interna, que va desde la creciente resistencia a sus políticas fascistoides contra las comunidades migrantes y sus detractores en general, hasta el caudal de revelaciones de los documentos de Jeffrey Epstein, que si bien no han desembocado en acusaciones formales contra el habitante de la Casa Blanca, constituyen un severo golpe político y de imagen para él y para otros altos exponentes de la minoría política y empresarial que ejerce el poder en Estados Unidos. Mal haría el magnate neoyorquino en seguir azuzando un conflicto innecesario y absurdo contra nuestro país en relación con Cuba, ya sea que lo haga para distraer a la cada vez más adversa opinión pública estadunidense, por un designio de llevar al extremo la reforzada ideología imperialista que siempre ha imperado en Washington, por mero dislate o por una combinación de esos factores. Porque más allá del sadismo trumpista contra el pueblo cubano, las mentiras y las estrategias mañosas de los últimos días pretenden vulnerar la soberanía de México, y ésa no está sujeta a negociación.  ¿Quiénes somos?|Contacto|Publicidad|Aviso legal|Aviso de privacidad.|Código de Ética|Siguenos en:","DEMOS, Desarrollo de Medios, S.A. de C.V.",Jornada.com.mx
newsapi,Julio Hernández López: Astillero,"Por lo pronto, pierde la posición privilegiada de jefe político del Senado. Se queda con fuero, lo cual no es poca cosa ( La Barredora os contempla, ex gobernador), con la posibilidad de cambiar escaño por embajada (se sigue barajando Portugal) y con la ofert…",https://www.jornada.com.mx/2026/02/02/opinion/010o1pol,https://www.jornada.com.mx/2026/02/02/fotos/010o1pol-1.jpg,2026-02-02T08:06:23Z,"or lo pronto, pierde la posición privilegiada de jefe político del Senado. Se queda con fuero, lo cual no es poca cosa ( La Barredora os contempla, ex gobernador), con la posibilidad de cambiar escañ… [+3829 chars]","Adán: relevado, tolerado, ¿protegido? // Barredora y patrimonio // Mier, más de lo mismo // Cuba: el punto es el petróleo or lo pronto, pierde laposición privilegiada de jefe político del Senado. Se queda con fuero, lo cual no es poca cosa (La Barredoraos contempla, ex gobernador), con la posibilidad de cambiar escaño por embajada (se sigue barajando Portugal) y con la oferta imprecisa, diluible, de colaborar en tareas electorales en cinco entidades (Ciudad de México, Puebla, Morelos, Tlaxcala y Guerrero) rumbo a las intermedias de 2027 (y, por tanto, mantener expectativas para su grupo político en otros estados, Chihuahua particularmente y, desde luego, Tabasco, donde su adversario gobernante, Javier May, lo mantiene a raya). Adán Augusto López Hernández protagoniza una caída política muy cantada. Eso hace pensar que Palacio Nacional logra al fin deshacerse de una pieza incómoda, obstructora, menospreciante. Pero el cambio podría quedarse sólo en lo individual, en el nombre y apellido, sin llegar a significar ni la fuerza del presidencialismo clásico ni el empuje de nuevas formas de hacer política. No es una depuración a fondo, es un reacomodo de figuras. Para empezar, Adán Augusto queda intocado judicialmente respecto a un tema delicado: su responsabilidad por designar, sostener y proteger a Hernán Bermúdez como secretario de Seguridad Pública de Tabasco, quien ahora está en la cárcel bajo acusación de haber sido, al mismo tiempo, jefe de un cártel llamadoLa Barredora. El espíritu de cuerpo de la 4T ha dejado que subsiguientes escándalos releguen el caso que, con las diferencias que hubiera, en sustancia es similar al de Genaro García Luna y Felipe Calderón. Además, se le ofrece a López Hernández la posibilidad de reincidir en el fangoso terreno de la operación electoral, de cuyo estilo dio cuenta como precandidato(corcholata)a la Presidencia de la República: derroche de recursos de procedencia inexplicada, inundación nacional de anuncios “espectaculares”, amplia promoción mediática (sobre todo en redes) y un pragmatismo financiero-electoral que no va con la hipótesis de una regeneración nacional. Para suplirlo, la corriente claudista no pudo colocar a alguien con su etiqueta inequívoca (tal vez porque no tuviera ese tipo de cartas), así que quedó Ignacio Mier Velasco, poblano de vieja escuela priísta (votó a favor del Fobaproa, siendo diputadotricolor), pragmático y camaleónico, más cercano a Ricardo Monreal y al propio Adán Augusto que a alguna opción de verdadero cambio, cuyo objetivo es buscar la candidatura a gobernador cuando su primo Alejandro Armenta deje el cargo (su hijo, Ignacio Mier Bañuelos, es diputado federal morenista y su hija, Daniela, fue diputada local plurinominal, participó como subsecretaria en el gobierno de Armenta y actualmente coordina una unidad de trabajo en el Congreso poblano). ¿Es más o menos lo mismo, pero con otros nombres?, ¿le cumplirán las promesas de continuidad a Adán, como a Gertz Manero?, ¿quedará expuesto el tabasqueño a posteriores acciones judiciales barredoras (o de enredos patrimoniales y financieros), incluso ante eventuales exigencias vecinas? En otro tema: es una buena noticia que el gobierno mexicano haya decidido enviar ayuda humanitaria a Cuba. En estos momentos tan difíciles para la isla toda ayuda es valiosa. Pero no debe soslayarse el hecho de que la mayor solidaridad mexicana, la sustancial y definitoria, consistente en el envío de petróleo, ha sido frenada por Donald Trump mediante la amenaza de imponer aranceles a quien suministre ese energético a la nación que aspiró a sostener un modelo socialista. La presidenta Sheinbaum señala que hay gestiones diplomáticas para tratar de reanudar los envíos de petróleo, lo cual es de desearse, aunque el procedimiento suene extraño y, el resultado, improbable. Por lo pronto, bien valdría no exagerar las adhesiones y casi celebraciones de políticos de la 4T (al estilo priísta de antaño) por el anuncio presidencial del envío de ayuda humanitaria. El punto grave es otro: el petróleo. ¡Hasta mañana! X :@julioastillero",Julio Hernández López,Jornada.com.mx
newsapi,León Bendesky: Empleo,"El efecto de la introducción de la tecnología sobre el empleo ha sido una cuestión central en la economía desde que se planteó a principios del siglo XIX, de modo sobresaliente, en los Principios de economía política y tributación del célebre economista britá…",https://www.jornada.com.mx/2026/02/02/opinion/018a1eco,https://www.jornada.com.mx/imagemeta/1200x630BN.jpg,2026-02-02T08:06:23Z,"l efecto de la introducción de la tecnología sobre el empleo ha sido una cuestión central en la economía desde que se planteó a principios del siglo XIX, de modo sobresaliente, en los Principios de e… [+5251 chars]","l efecto de la introducciónde la tecnología sobre el empleo ha sido una cuestión central en la economía desde que se planteó a principios del siglo XIX, de modo sobresaliente, en losPrincipios de economía política y tributacióndel célebre economista británico David Ricardo. En la tercera edición de su libro del año 1821, Ricardo modificó su postura inicial al respecto e incluyó un capítulo titulado de modo explícito: “Sobre la maquinaria”, en el que apuntó a la probabilidad de que el cambio técnico fuera muy perjudicial para los intereses de los trabajadores. Esto en plena Revolución Industrial y los cambios profundos que acarreó en la sociedad. El proceso de transformación productiva provocada por la innovación tecnológica de las herramientas, las máquinas y los procesos de trabajo tiende expresamente al aumento de la eficiencia y la competitividad. El cambio tecnológico se presenta no sólo en las alteraciones de los modos de trabajo, sino en las formas del desplazamiento que provoca en el empleo. Esto tiende a convertir al desempleo en un rasgo estructural, distinto de aquel derivado de las fluctuaciones cíclicas de la producción, o bien, por las crisis económicas. Keynes advirtió en 1930 que “estamos afectados por una nueva enfermedad” llamada desempleo tecnológico. Los avances ahorradores de empleo “aventajan el ritmo al que se encuentran nuevos usos para el trabajo”. Dicho sin nostalgia, hoy la robótica y la extensión de la inteligencia artificial suplen de modo cada vez más eficaz a los trabajadores; pronto no serán necesarios ni para transportar los pedidos en línea de toda clase de mercancías, o proveer los distintos servicios que ofrece Uber. Y para muchas otras cosas. La reducción de los puestos de trabajo que resulta de las nuevas tecnologías desplaza trabajadores y genera una incompatibilidad de las habilidades existentes con aquellas que demandan las nuevas tecnologías. La teoría económica generada en la academia se aproxima al problema considerando que la tecnología desplaza trabajo, por un lado, y por el otro, lo absorbe. En un muy citado artículo de Acemoglu y Restrepo se plantea que la innovación tecnológica modifica el contenido de las tareas asignadas al capital (tecnología) y al trabajo dentro del proceso productivo. La automatización de las tareas, señalan, desplaza al trabajo con el capital, reduciendo el contenido del trabajo en el valor agregado y elevando la productividad. El argumento se completa apuntando que esta situación se compensa con la introducción de nuevas tareas en las que el trabajo tiene una ventaja comparativa; cambia el contenido de las tareas en la producción y, con ello, se crea el efecto de reinstalación de trabajadores. El proceso de reinstalación es, ciertamente, problemático como modo de ajuste social y en términos de la generación de ingresos derivados del trabajo. La complejidad del ajuste y sus características no pueden obviarse, sobre todo dada la naturaleza del actual impulso de la innovación tecnológica, muy distinto al ocurrido en otros periodos históricos. No es lo mismo la introducción de la máquina de vapor que la digitalización y la inteligencia artificial. La reducción de puestos de trabajo que se anuncia constantemente como medio para reducir los costos de producción de bienes y servicios es ahora una forma muy avanzada respecto a lo que representaron en su momento el fordismo y el taylorismo a finales del siglo XIX y principios de XX y que modificaron sensiblemente los métodos de la producción industrial, los procesos de trabajo y las formas de la especialización. Amazon anunció recientemente que eliminará 16 mil puestos de trabajo en sus oficinas corporativas, localizadas en Estados Unidos, Canadá y Costa Rica, que se suman a los 14 mil que fueron recortados en octubre pasado. La decisión se asocia con la necesidad de acrecentar la productividad, lo que ha llevado a identificar los proyectos en función de la rentabilidad con mayor inversión en inteligencia artificial, con la que se espera conformar en adelante una fuerza de trabajo más reducida. Esta reducción de 30 mil puestos equivale a 10 por ciento del empleo corporativo, así que aún queda un buen trecho para eliminar empleados. La relación entre la mayor productividad y la eliminación de trabajadores se asocia con las brechas de capacidades que resultan de la disparidad entre las competencias que tienen los trabajadores y aquellas que requiere el trabajo con las nuevas tecnologías que exige la competencia. La cuestión abre una necesaria consideración acerca de las capacidades con que cuenta la fuerza de trabajo en un país como México, de modo que si las brechas son muy amplias, necesariamente aumentarán el desempleo y el subempleo y, finalmente, se tenderá a una mayor economía informal, en un contexto en que el empleo formal crece de modo muy insuficiente. En el entorno de una rápida expansión de los procesos asociados con la inteligencia artificial y la robótica se creará una mayor tensión ",León Bendesky,Jornada.com.mx
newsapi,Jaime Ortega: Cárdenas y Cuba: el torrente de la solidaridad,"El vínculo entre Cuba y México es de muy largo cuño. La simpatía por los movimientos independentistas y revolucionarios en la isla son tan antiguos como ellos mismos. Esta actitud se vio fortalecida por el exilio mexicano, en distintos momentos, de las “tres …",https://www.jornada.com.mx/2026/02/02/politica/003a1pol,https://www.jornada.com.mx/imagemeta/1200x630BN.jpg,2026-02-02T08:06:23Z,l vínculo entre Cuba y México es de muy largo cuño. La simpatía por los movimientos independentistas y revolucionarios en la isla son tan antiguos como ellos mismos. Esta actitud se vio fortalecida p… [+4893 chars],"l vínculo entre Cuba y México es de muy largo cuño. La simpatía por los movimientos independentistas y revolucionarios en la isla son tan antiguos como ellos mismos. Esta actitud se vio fortalecida por el exilio mexicano, en distintos momentos, de las “tres M”: Martí, Mella y Marinello. A ellos se sumarían otros personajes como Raúl Roa, quien en suRetorno a la alboradadefiniría a Morelos como “gran héroe civil de México”, a Juárez como “grande por héroe, por revolucionario y por indio” y a Cárdenas como “el más recio caudillo de la Revolución Mexicana”. En el Partido Comunista de México la figura del cubano Mella era, por supuesto, legendaria. Su asesinato en las calles de la colonia Juárez lo volvieron un ícono para los comunistas de ambas naciones. Del testimonio de Benita Galeana se ha difundido la forma clandestina y heroica en que las cenizas de Mella fueran sacadas de México en 1933. Por otro lado, en 1934 la sección mexicana del Socorro Rojo actuaba junto a la LEAR y la campaña Manos fuera de Cuba demandando la no intervención sobre la isla y lo hacían a partir de la similitud de la agresión: en México en 1914 y en la isla dos décadas después. Otras voces y plumas cubanas se dejaban sentir en el ambiente cultural mexicano, una significativa era la de Loló de la Torriente (prima-hermana del legendario periodista Pablo de la Torriente, caído en la guerra civil español), quien era una pluma recurrente enEl Machete. Sin embargo, de entre todos los personajes que compartieron la pasión solidaria por el pueblo cubano, el general Cárdenas es, sin duda, el más relevante y era para menos. No sorprende que desde 1936 numerosas muestras de amistad se dieran desde la isla hacia la acción revolucionaria del michoacano, pues cuando el general ingresó al mando del gobierno la revolución cubana de 1933 ya había derribado al inefable Gerardo Machado y un episodio contado entre otros por Ángel Gutiérrez enLázaro Cárdenas y Cubanos da luces del compromiso mutuo entre los revolucionarios cubanos y el líder popular mexicano. El momento más intenso fue en 1938, cuando con motivo de la expropiación petrolera aparecieran numerosos artículos de homenaje y defensa de aquel acto y también del presidente mexicano. Además del bien conocido por los mexicanos Juan Marinello, Salvador Massip, José Luciano Franco y Ángel Augier se pronunciaron en defensa de la soberanía mexicana. Franco decía que con su praxis Cárdenas había roto “con el complejo de inferioridad impuesto a los países de la América nuestra por los financieros”. De las palabras se pasó a los hechos y un grupo, entre los que se encontró Carlos Rafael Rodríguez al frente del grupo Amigos del Comité Pro Homenaje a México se prestaron a buscar al embajador mexicano en la isla. Marinello, por su parte, se dirigió a Francisco J. Múgica para pedirle que el presidente dirigiera unas palabras al pueblo cubano. Éste convenció a su antiguo compañero de armas y Cárdenas accedió. Fue así que, el 12 de junio de 1938, en el estadio La Polar, en La Habana, se convocó a un gran mitin de apoyo a México, al que asistieron miles de personas. La entrada al mismo se cobró en 10 centavos y la recaudación fue hecha para apoyar el acto expropiatorio, por lo que es factible imaginar que parte de la nacionalización se pagó con el sudor del pueblo cubano. Cárdenas dirigió un mensaje por vía radiofónica desde Tampico, expresando que la autonomía “política y espiritual” de las repúblicas latinoamericanas quedaría mutilada “de no afirmarse un concepto de solidaridad entre sus pueblos”. En el estadio habanero hablaron también Carlos Prío Socarrás, Lázaro Peña y el propio Marinello. El de Cuba fue uno de los actos más significativos en apoyo a la expropiación petrolera fuera de México y la isla de los países que más apoyó frente al boicot de las petroleras. No resulta casual que, décadas adelante, en 1961, un grupo de intelectuales –entre los que se encontraba otro amigo de la Cuba revolucionaria como Revueltas– publicarán en el periódicoHoja revolucionaria, un texto en cuyo titular se leía: “No enviar petróleo a Cuba es traicionar la expropiación petrolera”. Que el general Cárdenas no estuviera ya en el poder no le impidió manifestar su decidido apoyo a la causa del pueblo hermano, misma que tuvo su epicentro en la Conferencia latinoamericana por la soberanía nacional, la independencia económica y la paz a la que asistió, entre otros, Vilma Espín. Muchos años después del fallecimiento del general Cárdenas, en 1995, el comandante Fidel Castro evocaba al michoacano, acompañando un acto en la Plaza de la Revolución, donde lo recordaba “pugnando con su habitual sobriedad, profundamente emocionado y con el ánimo exaltado. Su discurso fue un torrente de fervor revolucionario y latinoamericano”. Que los dos países inmediatos al sur de la frontera con Estados Unidos tuvieran que hacer varias revoluciones para afirmarse como soberanas, es un indicativo de la cualidad de su nacionalismo: defensivo y solidari",Jaime Ortega,Jornada.com.mx
newsapi,"Familia mexicana en Mineápolis, prisionera en su casa","Mineápolis. Ana, Carlos y su hijo Luis, de origen mexicano, llevan encerrados en su casa de Mineápolis dos meses, desde que agentes federales comenzaron las redadas para detener a inmigrantes por orden del presidente Donald Trump.",https://www.jornada.com.mx/2026/02/02/mundo/021n2mun,https://www.jornada.com.mx/imagemeta/1200x630BN.jpg,2026-02-02T08:06:23Z,"Periódico La JornadaLunes 2 de febrero de 2026, p. 21
Mineápolis. Ana, Carlos y su hijo Luis, de origen mexicano, llevan encerrados en su casa de Mineápolis dos meses, desde que agentes federales co… [+1780 chars]","Mineápolis. Ana, Carlos y su hijo Luis, de origen mexicano, llevan encerrados en su casa de Mineápolis dos meses, desde que agentes federales comenzaron las redadas para detener a inmigrantes por orden del presidente Donald Trump. Las cortinas de la casa de esta familia permanecen cerradas todo el día y la puerta está reforzada con una barra de metal. Llegaron a esta ciudad del norte de Estados Unidos hace más de una década, pero en las semanas recientes susueño americanose convirtió en una pesadilla. Mineápolis se ha vuelto el epicentro del descontento de la sociedad contra las política de Trump, sobre todo después de que dos agentes de migración mataran a tiros a dos manifestantes. “Es inhumano vivir así, como prisionero en tu propia casa”, declaró Ana a Afp, bajo un seudónimo, al igual que su marido y su hijo. Esta madre de 47 años tiene cuatro hijos. Luis se queda encerrado con ella porque nació en México.Los otros tres son estadunidenses de nacimiento, pero se preocupa mucho cada vez que salen de casa. “Siempre tengo miedo de que, aunque son ciudadanos, sabemos que ya no respetan y que sólo por el color de su piel se los pueden llevar”, expresó con voz temblorosa. Los hijos saben que deben enviar un mensaje antes de volver a casa o de lo contrario no se les abrirá la puerta cuando llamen. A sus 15 años, Luis ansía poder ir y venir como lo hacen sus hermanos y hermanas, y sueña con asistir al restaurante de comida rápida que hay al final de la calle. Luis atiende sus clases desde casa. Después se entretiene con videojuegos, a veces cinco horas al día. “Es lo único que me hace olvidar lo que pasa”, murmura.","DEMOS, Desarrollo de Medios, S.A. de C.V.",Jornada.com.mx
newsapi,"Entre escándalos, Adán López deja el liderazgo de Morena en el Senado","Envuelto en la polémica y tras más de siete meses de enfrentar un escándalo tras otro, Adán Augusto López Hernández dejó ayer la coordinación del grupo parlamentario de Morena en el Senado y la presidencia de la Junta de Coordinación Política (Jucopo).",https://www.jornada.com.mx/2026/02/02/politica/005n1pol,https://www.jornada.com.mx/2026/02/02/fotos/005n1pol-1.jpg,2026-02-02T08:06:23Z,"Periódico La JornadaLunes 2 de febrero de 2026, p. 5
Envuelto en la polémica y tras más de siete meses de enfrentar un escándalo tras otro, Adán Augusto López Hernández dejó ayer la coordinación del… [+3193 chars]","Por unanimidad, entra al relevo Ignacio Mier Hará trabajo territorial rumbo a 2027 // Van otra vez por la mayoría en San Lázaro, subraya Envuelto en la polémica y tras más de siete meses de enfrentar un escándalo tras otro, Adán Augusto López Hernández dejó ayer la coordinación del grupo parlamentario de Morena en el Senado y la presidencia de la Junta de Coordinación Política (Jucopo). Desde la acusación de presuntamente estar vinculado a la banda delictivaLa Barredorahasta sus supuestos ingresos millonarios, pasando por el enfrentamiento con el líder de los diputados de Morena, Ricardo Monreal, y sus distracciones en el salón de plenos, donde se le captó viendo encuentros deportivos en su tableta, en lugar de atender el debate legislativo. Luego de que a lo largo de la semana pasada circularon versiones de que abandonaría la senaduría para irse de embajador, el tabasqueño anunció este domingo su dimisión durante la reunión plenaria de los senadores guindas, donde fue electo en su lugar y por unanimidad el poblano Ignacio Mier. El nuevo coordinador y el grupo parlamentario hicieron un reconocimiento al trabajo de López Hernández al frente de la bancada; tras ser despedido entre aplausos, informó que se dedicará a realizar trabajo territorial en las circunscripciones con mayor padrón electoral para fortalecer al movimiento de cara a las elecciones intermedias de 2027. El objetivo es refrendar la mayoría en la Cámara de Diputados y ganar prácticamente todas las gubernaturas en disputa, destacó. En conferencia de prensa, dejó claro que no se irá de embajador y tampoco pedirá licencia. “Seré un senador de la República más, integrante del grupo parlamentario de Morena. Yo la verdad prefiero estar en tierra en todo el país ayudando al fortalecimiento de este movimiento, que pensar en ser parte del cuerpo diplomático”. Dijo ser “un soldado más de la Cuarta Transformación, y por ende estaré haciendo trabajo legislativo los días que corresponde...pero también trabajo territorial, el cual requiere todo nuestro esfuerzo, nuestra entrega y nuestro compromiso”. A la pregunta de si hablo con la presidenta Claudia Sheinbaum sobre el tema, respondió que platicó con quien tenía que hacerlo, y ayer mismo con sus colegas de bancada. En la antigua sede del Senado, explicó que fue en las últimas horas que tomó la decisión, luego de que se abrió la posibilidad de ir a hacer trabajo político electoral rumbo a los comicios intermedios de 2027.","DEMOS, Desarrollo de Medios, S.A. de C.V.",Jornada.com.mx
newsapi,León Bendesky: Empleo,"El efecto de la introducción de la tecnología sobre el empleo ha sido una cuestión central en la economía desde que se planteó a principios del siglo XIX, de modo sobresaliente, en los Principios de economía política y tributación del célebre economista britá…",https://www.jornada.com.mx/2026/02/02/economia/018a1eco,https://www.jornada.com.mx/imagemeta/1200x630BN.jpg,2026-02-02T08:06:23Z,"l efecto de la introducción de la tecnología sobre el empleo ha sido una cuestión central en la economía desde que se planteó a principios del siglo XIX, de modo sobresaliente, en los Principios de e… [+5251 chars]","l efecto de la introducciónde la tecnología sobre el empleo ha sido una cuestión central en la economía desde que se planteó a principios del siglo XIX, de modo sobresaliente, en losPrincipios de economía política y tributacióndel célebre economista británico David Ricardo. En la tercera edición de su libro del año 1821, Ricardo modificó su postura inicial al respecto e incluyó un capítulo titulado de modo explícito: “Sobre la maquinaria”, en el que apuntó a la probabilidad de que el cambio técnico fuera muy perjudicial para los intereses de los trabajadores. Esto en plena Revolución Industrial y los cambios profundos que acarreó en la sociedad. El proceso de transformación productiva provocada por la innovación tecnológica de las herramientas, las máquinas y los procesos de trabajo tiende expresamente al aumento de la eficiencia y la competitividad. El cambio tecnológico se presenta no sólo en las alteraciones de los modos de trabajo, sino en las formas del desplazamiento que provoca en el empleo. Esto tiende a convertir al desempleo en un rasgo estructural, distinto de aquel derivado de las fluctuaciones cíclicas de la producción, o bien, por las crisis económicas. Keynes advirtió en 1930 que “estamos afectados por una nueva enfermedad” llamada desempleo tecnológico. Los avances ahorradores de empleo “aventajan el ritmo al que se encuentran nuevos usos para el trabajo”. Dicho sin nostalgia, hoy la robótica y la extensión de la inteligencia artificial suplen de modo cada vez más eficaz a los trabajadores; pronto no serán necesarios ni para transportar los pedidos en línea de toda clase de mercancías, o proveer los distintos servicios que ofrece Uber. Y para muchas otras cosas. La reducción de los puestos de trabajo que resulta de las nuevas tecnologías desplaza trabajadores y genera una incompatibilidad de las habilidades existentes con aquellas que demandan las nuevas tecnologías. La teoría económica generada en la academia se aproxima al problema considerando que la tecnología desplaza trabajo, por un lado, y por el otro, lo absorbe. En un muy citado artículo de Acemoglu y Restrepo se plantea que la innovación tecnológica modifica el contenido de las tareas asignadas al capital (tecnología) y al trabajo dentro del proceso productivo. La automatización de las tareas, señalan, desplaza al trabajo con el capital, reduciendo el contenido del trabajo en el valor agregado y elevando la productividad. El argumento se completa apuntando que esta situación se compensa con la introducción de nuevas tareas en las que el trabajo tiene una ventaja comparativa; cambia el contenido de las tareas en la producción y, con ello, se crea el efecto de reinstalación de trabajadores. El proceso de reinstalación es, ciertamente, problemático como modo de ajuste social y en términos de la generación de ingresos derivados del trabajo. La complejidad del ajuste y sus características no pueden obviarse, sobre todo dada la naturaleza del actual impulso de la innovación tecnológica, muy distinto al ocurrido en otros periodos históricos. No es lo mismo la introducción de la máquina de vapor que la digitalización y la inteligencia artificial. La reducción de puestos de trabajo que se anuncia constantemente como medio para reducir los costos de producción de bienes y servicios es ahora una forma muy avanzada respecto a lo que representaron en su momento el fordismo y el taylorismo a finales del siglo XIX y principios de XX y que modificaron sensiblemente los métodos de la producción industrial, los procesos de trabajo y las formas de la especialización. Amazon anunció recientemente que eliminará 16 mil puestos de trabajo en sus oficinas corporativas, localizadas en Estados Unidos, Canadá y Costa Rica, que se suman a los 14 mil que fueron recortados en octubre pasado. La decisión se asocia con la necesidad de acrecentar la productividad, lo que ha llevado a identificar los proyectos en función de la rentabilidad con mayor inversión en inteligencia artificial, con la que se espera conformar en adelante una fuerza de trabajo más reducida. Esta reducción de 30 mil puestos equivale a 10 por ciento del empleo corporativo, así que aún queda un buen trecho para eliminar empleados. La relación entre la mayor productividad y la eliminación de trabajadores se asocia con las brechas de capacidades que resultan de la disparidad entre las competencias que tienen los trabajadores y aquellas que requiere el trabajo con las nuevas tecnologías que exige la competencia. La cuestión abre una necesaria consideración acerca de las capacidades con que cuenta la fuerza de trabajo en un país como México, de modo que si las brechas son muy amplias, necesariamente aumentarán el desempleo y el subempleo y, finalmente, se tenderá a una mayor economía informal, en un contexto en que el empleo formal crece de modo muy insuficiente. En el entorno de una rápida expansión de los procesos asociados con la inteligencia artificial y la robótica se creará una mayor tensión ",León Bendesky,Jornada.com.mx
newsapi,"San Andrés, pacto incumplido que es “referente de la lucha indígena”","San Cristóbal de Las Casas, Chis., Los acuerdos de San Andrés, firmados el 16 de febrero de 1996 entre el Ejército Zapatista de Liberación Nacional (EZLN) y el gobierno federal, “representan un parteaguas en la historia contemporánea de México: un pacto incum…",https://www.jornada.com.mx/2026/02/02/estados/026n1est,https://www.jornada.com.mx/2026/02/02/fotos/026n1est-1.jpg,2026-02-02T08:06:23Z,"Periódico La JornadaLunes 2 de febrero de 2026, p. 26
San Cristóbal de Las Casas, Chis., Los acuerdos de San Andrés, firmados el 16 de febrero de 1996 entre el Ejército Zapatista de Liberación Nacio… [+4177 chars]","El estado traicionó lo firmado hace 30 años:  Frayba Nunca buscó resolver el conflicto de raíz, sino “administrar la guerra y contener al zapatismo”: obispo Vera San Cristóbal de Las Casas, Chis., Los acuerdos de San Andrés, firmados el 16 de febrero de 1996 entre el Ejército Zapatista de Liberación Nacional (EZLN) y el gobierno federal, “representan un parteaguas en la historia contemporánea de México: un pacto incumplido que, sin embargo, sigue siendo referente de la lucha por la autonomía indígena”, afirmó el Centro de Derechos Humanos Fray Bartolomé de Las Casas (Frayba). Agregó que “el Estado mexicano traicionó lo firmado y, ante ello, los pueblos tomaron una decisión trascendental: hacer realidad los contenidos de los acuerdos y ejercer la autonomía en la práctica, manteniendo viva la esperanza y los principios que los inspiraron”. Lo anterior fue expuesto por Pedro Faro, integrante del Frayba, durante un foro tituladoTres décadas de lucha por una paz forjada en la rebeldía, en el que recordó que este 2026 “se cumplen 30 años de procesos profundamente significativos en la historia reciente del país, surgidos desde Chiapas. “Allí se han gestado alternativas de paz de gran envergadura que han impactado a los pueblos y a quienes, desde la dignidad, han trabajado por transformar las condiciones materiales de vida y abrir horizontes más humanos”. Señaló que los tratados sobre derechos y cultura indígena “buscaban reconocer la autonomía, la libre determinación y los derechos colectivos de los pueblos originarios. Su incumplimiento, sin embargo, marcó un quiebre entre el discurso oficial y las demandas históricas de los pueblos indígenas. Autonomía y libre determinación”. Destacó que “Luis Hernández Navarro (coordinador de Opinión del periódicoLa Jornada) considera los acuerdos como un documento fundacional de la lucha indígena contemporánea, comparable al Programa del Partido Liberal Mexicano en la Revolución. Destaca que su proceso de elaboración fue abierto e incluyente, lo que les otorgó legitimidad social más allá de la mesa de negociación”. Para Magdalena Gómez (abogada, especialista en derecho indígena) “los Acuerdos de San Andrés reflejan la tensión entre la ‘razón de Estado’ y la ‘razón de los pueblos’”, mientras para Gilberto López y Rivas (antropólogo y ensayista) “antes del levantamiento zapatista, estas demandas no habían encontrado espacio en la negociación política. Los acuerdos abrieron, por tanto, un horizonte inédito para la lucha indígena”. Dijo que para el obispo Raúl Vera López, “el incumplimiento muestra que el Estado nunca buscó resolver el conflicto de raíz, sino administrar la guerra y contener al zapatismo”.","DEMOS, Desarrollo de Medios, S.A. de C.V.",Jornada.com.mx
newsapi,La transformación de CdMx desde 2016: de capital a metrópoli moderna,"Desde el 2016 ya no hay 'sábado, Distrito Federal' —como cantabaChava Flores, quien retrató la capital en sus letras— porque el corazón del país se transformó en Ciudad de México (CdMx).El D.F. cambió. Hace 10 años, sus 16 delegaciones se convirtieron en alca…",https://www.milenio.com/politica/la-transformacion-de-cdmx-de-capital-a-metropoli-moderna,https://cdn.milenio.com/uploads/media/2026/02/01/anos-delegaciones-cdmx-convirtieron-alcaldias-1.jpg,2026-02-02T07:27:00Z,"Desde el 2016 ya no hay 'sábado, Distrito Federal' como cantaba Chava Flores, quien retrató la capital en sus letras porque el corazón del país se transformó en Ciudad de México (CdMx). 
El D.F. cam… [+7380 chars]","Para ver esta página correctamente, necesitas activar JavaScript en tu navegador. Desde el 2016 ya no hay'sábado, Distrito Federal'—como cantabaChava Flores, quien retrató la capital en sus letras— porque el corazón del país se transformó enCiudad de México(CdMx). El D.F. cambió. Hace 10 años, sus16 delegacionesse convirtieron enalcaldías, se redactó una Constitución y un Himno. La modernización avanza como el tiempo: veloz y sin dar tregua, lagentrificaciónes ahora el desafío a lidiar. Eso sí, la capital no ha perdido su esencia chilanga: ""desde las 10:00 ya no hay donde parar el coche y atravesar el Centro es un desmoche"", como lo dice la canción del compositor. Ha pasado una década desde que la ciudad dejó de llamarseDistrito Federal. El cambio significó no solo darle el nombre de Ciudad de México, también integrarla como laentidad número 32 del país, así como otorgarle nuevos derechos políticos. El 29 de enero del 2016, el entonces presidente Enrique Peña Nieto firmó la promulgación de laReforma Política de la Ciudad de México, la cual entró en vigor el 5 de febrero de ese mismo año, cuando fue publicada en elDiario Oficial de la Federación. De esta manera, laCiudad de México sería autónoma, la Cámara de Diputados le aprobaría un presupuesto anual y la entidad lo ejercería.  También se eliminó laAsamblea Legislativapara dar paso al Congreso local. Otro de los cambios significativos fue en la manera de gobernar. En el pasado, elDistrito Federalera liderado por un regente, quien era designado por el titular delPoder Ejecutivo, es decir, el presidente de la República. En 1997, esa figura dejó de existir. En ese año se celebraron las primeras elecciones para elegir al jefe de Gobierno capitalino, siendo el primeroCuauhtémoc Cárdenas Solórzano.",Israel George,Milenio
newsapi,Tres fuerzas de derecha se perfilan para conseguir registro como partido político,"Construyendo Solidaridad y Paz (CSP), el frente de corte evangelista de Hugo Eric Flores Morales, eventualmente será el séptimo invitado para los comicios del próximo año. Por tercera vez consecutiva en la última década, la agrupación filo morenista obtendría…",https://www.milenio.com/politica/registro-como-partido-politico-tres-fuerzas-de-derecha-en-carrera,https://cdn.milenio.com/uploads/media/2026/02/01/partidos-politicos-buscan-colarse-comicios.jpg,2026-02-02T07:22:00Z,"Construyendo Solidaridad y Paz (CSP), el frente de corte evangelista de Hugo Eric Flores Morales, eventualmente será el séptimo invitado para los comicios del próximo año. Por tercera vez consecutiva… [+6179 chars]","Para ver esta página correctamente, necesitas activar JavaScript en tu navegador. Construyendo Solidaridad y Paz (CSP), el frente de corte evangelista de Hugo Eric Flores Morales,eventualmente será el séptimo invitado para los comicios del próximo año.Por tercera vez consecutiva en la última década, la agrupación filo morenista obtendría el registro como partido político nacional. La organización del hoy diputado federal de Morena alcanzó los requisitos necesarios para que Construyendo Solidaridad y Paz(de 2015 a 2018 denominado Partido Encuentro Social y de 2020 a 2021 bautizado como Partido Encuentro Solidario) participe en las elecciones federales intermedias de 2027. México Tiene Vida, el frente ultraconservador que tiene sus raíces en Nuevo León, alcanzó las 303 mil 739 afiliaciones, es decir,más de 50 mil de las que establece la norma electoral para cumplir esa disposición, que es de 256 mil 30 firmas. Esa organización política está a un tris de lograr el objetivo,ya que cuenta con 199 asambleas distritales efectivas de las 200 que contempla la normatividad electoral para que el árbitro electoral le otorgue su registro como partido político nacional.Le falta una asamblea. La tercera opción con posibilidades es Somos México, antes Marea Rosa, la formación que comanda el ex perredista Guadalupe Acosta Naranjo y a la que se han sumado dos ex consejeros presidentes del IFE-INE, Leonardo Valdés Zurita y Lorenzo Córdova Vianello.Ya superó el requisito de asambleas distritales necesarias (ha realizado 225 de 200), pero le faltan 56 mil 667 afiliaciones. El 27 de febrero vence el plazo para que las agrupaciones que buscan su registro como fuerzas políticas cubran ese requerimiento.El Instituto Nacional Electoral (INE) tiene como plazo junio para revisar y en su caso avalar a la o las organizaciones políticas que aparecerán en las boletas en los comicios de 2027. De acuerdo con cifras del INE sobre el avance de afiliaciones y asambleas realizadas por los frentes políticos que buscan su registro como partido, con cortes al 27 y 30 de enero, respectivamente, la agrupación Construyendo Solidaridad y Paz —que utiliza como siglas las iniciales de la presidenta Claudia Sheinbaum Pardo—contabiliza 287 mil 128 afiliaciones y 294 asambleas distritales válidas.Si la autoridad refrenda estos datos, está del otro lado. Aunque el Partido Encuentro Solidario –el más reciente antecedente de Construyendo Solidaridad y Paz– perdió su registro como partido político nacional en las elecciones federales intermedias de 2021, todavía lo conserva en tres estados:Baja California, Hidalgo y Sonora.En 2025 recibió un financiamiento público estatal, solo en esos tres casos, de 93.1 millones de pesos. ​Los que se quedaron en el camino",Rivelino Rueda,Milenio
newsapi, BOLETÍN | Trenes de febrero,"¿Quieres recibir este boletín cada mañana? - Te mandamos a tu correo un resumen de las claves de la actualidad. Haz clic aquí 


 Hola, 
 
 Agarra un café y vamos al lío. ¡Buenos días!
 Trenes de febrero
 Ha comenzado el mes de febrero, han pasado 15 días de…",https://www.eldiario.es/blog/al-dia/boletin-trenes-febrero_132_12954673.html,https://static.eldiario.es/clip/8d261fdb-0540-43db-8b89-6e914816f3fc_facebook-aspect-ratio_default_0.jpg,2026-02-02T06:44:04Z,"Hola, 
Agarra un café y vamos al lío. ¡Buenos días!
Trenes de febrero
Ha comenzado el mes de febrero, han pasado 15 días desde el trágico accidente de Adamuz, y la red ferroviaria española no acab… [+7518 chars]","'Al día' y 'Un tema Al día' son elboletín y el podcast de elDiario.espara mantenerte informado con las claves de actualidad cada mañana. Con Juanlu Sánchez, subdirector de eldiario.es, y las aportaciones de toda la redacción. Suscríbete para estar Al Día.  0 Hola, Agarra un café y vamos al lío. ¡Buenos días! Ha comenzado el mes de febrero, han pasado 15 días desde el trágico accidente de Adamuz, y la red ferroviaria española no acaba de retomar la normalidad. Especialmente llamativo es lo de Rodalies en Catalunya. La Generalitat había marcado hoy lunes 2 de febrero como nuevo intento para retomar la circulación de los trenes de cercanías. Pero anoche Renfe volvió a decirles por segunda vez en una semana:va a ser que no. Recordemos que un tren de Rodalies tuvo un accidente contra un muro desprendido en el que murió un maquinista. Ocurrió justo después de lo de Adamuz y eso ha disparado las alertas sobre el estado de la infraestructura y supongo que en Adif no se quieren arriesgar ni lo más mínimo. De Rodalies dependen 400.000 personas para llegar a su trabajo, para su rutina diaria. Si estás entre los afectados, ya sabes que hay autobuses pero… ánimo. Y por supuesto, a pesar de que inicialmente se había marcado el 2 de febrero para la vuelta a la normalidad, los trenes de alta velocidad que conectan Madrid con Andalucía también siguen cancelados. Primero, porque la zona del siniestro estaba precintada judicialmente, luego por los trabajos de retirada de amasijos, luego por el temporal… No tiene pinta de normalidad hasta la semana que viene. En lo económico, que no es desde luego la consecuencia más grave de este accidente pero también existe, este parón condena a las operadoras de alta velocidad a no salir de los números rojos que vienen arrastrando en sus cuentas. No solo Renfe o Iryo, las empresas afectadas, también Ouigo por ejemplo, que usa también ese trayecto.Detalles. La regularización de inmigrantes ha provocadoun cisma en la derecha nacionalcatólica. Cáritas, la Conferencia Episcopal y 84 organizaciones más vinculadas a la Iglesia han apoyado (desde hace años) la regularización de inmigrantes aprobada ahora por el Gobierno. “Esto es puro Evangelio”, ha llegado a decir el presidente de los obispos. Vox, Falange y los sectores más ultras del catolicismo patrio han tildado su postura de “traición”. Hoy en el podcast, cambiamos el foco. La derecha suele hablar mucho de los extranjeros que están en situación irregular, dicen que hay que expulsarlos porque se aprovechan del sistema y no pagan impuestos. Pero pocas veces, diría que nunca, hablan de otros extranjeros que también viven en España y no hacen tampoco la declaración de la renta aquí. Lo que pasa es que esos extranjeros tienen privilegios y tienen dinero.",Juan Luis Sánchez,Eldiario.es
newsapi,"México, fuera de la mesa (2)",Jacques Rogozinski analiza cómo los cambios en la visión del comercio en Estados Unidos tendrían impacto en México.,https://www.elfinanciero.com.mx/opinion/jacques-rogozinski/2026/02/01/mexico-fuera-de-la-mesa-2/,https://www.elfinanciero.com.mx/resizer/v2/5BFVYNCJIZC45LP276ASVZRKDE.jpg?smart=true&auth=36a4dc905b387add32e85e61f32eb9b63b28298f2f042cb0f7ad77b918417165&width=1200&height=630,2026-02-02T04:03:29Z,"En mi columna anterior analicé cómo el cambio de contexto en Estados Unidos está transformando de fondo su política comercial y estratégica. Expliqué que ya no se trata únicamente de comercio, sino d… [+5354 chars]","En mi columna anterior analicé cómo el cambio de contexto en Estados Unidos está transformando de fondo su política comercial y estratégica. Expliqué que ya no se trata únicamente de comercio, sino de seguridad, y que ese giro abre distintos escenarios para la relación económica en América del Norte. Ahí señalé que me concentraría en tres de esos escenarios. El primero, la eventual construcción de un mercado común entre Canadá y Estados Unidos, un esquema que por su lógica política, institucional y estratégica difícilmente incluiría a México. En esta columna exploro el segundo escenario que surge de ese cambio de contexto. Durante más de tres décadas México construyó su relación económica con Estados Unidos bajo una idea central: competitividad. Mano de obra más barata, integración de cadenas productivas, eficiencia logística y acceso preferencial al mayor mercado del mundo. El TLCAN y posteriormente el T-MEC fueron diseñados para maximizar eficiencia económica dentro de la lógica de la globalización, producir donde fuera más barato, integrar procesos y reducir costos para empresas y consumidores. El principal argumento repetido por analistas, empresarios y la prensa mexicana, es que Estados Unidos no podría mantener su competitividad sin México. A partir de esa premisa, muchos dan por sentado que Trump renegociará el T-MEC. Se afirma que México es indispensable para que la economía estadounidense siga funcionando en sectores clave como el automotriz gracias a su integración productiva, su cercanía geográfica y la disponibilidad de mano de obra que Estados Unidos ya no tiene. El problema es que esa lectura confunde conveniencia económica con necesidad estratégica y asume que sin tratado no hay comercio. Estados Unidos no necesita un acuerdo comercial de cientos de páginas para comerciar. Lo único que necesita es decidir en qué sectores mantiene aranceles en cero para ser competitivo y en cuáles no. El comercio puede continuar sin el T-MEC. La asimetría real es otra. Mientras Estados Unidos puede comerciar sin tratado, México lo necesita para ofrecer certidumbre jurídica, atraer inversión y protegerse de decisiones discrecionales. Estados Unidos dejó de concebir el comercio como un ejercicio de eficiencia y pasó a verlo como un componente de seguridad nacional. La lógica que guio al TLCAN y al T- MEC fue sustituida por otra muy distinta: reducir vulnerabilidades, asegurar capacidades estratégicas y mantener control soberano sobre flujos críticos. En este nuevo marco, los tratados dejaron de ser el eje de la política comercial. Washington puede comerciar y ser competitivo sin tratado. Puede mantener aranceles cero para insumos estratégicos, imponer restricciones selectivas, otorgar excepciones sectoriales o cerrar mercados enteros por razones de seguridad nacional. No necesita negociación multilateral ni reciprocidad. Basta una decisión administrativa. El comercio no desaparece, cambia de naturaleza. Deja de ser contractual y se vuelve discrecional. En este escenario también cambia la forma de negociación. Ya no se trata de un diálogo entre gobiernos ni de una mesa trilateral con reglas compartidas. La negociación se traslada al lobby empresarial en Washington. Son las empresas las que presentan sus argumentos a la Casa Blanca. Si las armadoras estadounidenses explican que ciertos componentes importados desde México son indispensables para mantener costos bajos y proteger empleo en Estados Unidos, el presidente puede simplemente decidir mantener esos aranceles en cero para ese sector específico. No hace falta una renegociación ni acuerdos gobierno-gobierno. Basta con que las empresas convenzan a Washington de que ese flujo les conviene. El problema para México es que esta transformación no ocurre en el vacío. Desde la firma del TLCAN y el T-MEC no solo cambió Estados Unidos. México también cambió, y no para bien desde la óptica de Washington. Un indicador de ese cambio es que hoy cerca de tres de cada diez vehículos que se venden en México son de origen chino. No se trata solo de una preferencia de mercado, es una señal de reconfiguración estratégica silenciosa. Por otro lado, el deterioro de la seguridad, la erosión del Estado de derecho, el debilitamiento institucional y la desaparición de contrapesos regulatorios dejaron de ser asuntos internos para convertirse en señales de riesgo. A diferencia de Canadá, México dejó de ser percibido únicamente como un socio productivo y pasó a ser evaluado como un riesgo administrable. Esa diferencia explica por qué, desde la lógica estadounidense, un esquema trilateral resulta cada vez menos atractivo. El nuevo criterio ya no es solo quién produce más barato, sino quién es confiable cuando las cosas se complican, quién garantiza cumplimiento regulatorio, seguridad física, respeto a contratos y alineamiento estratégico. La falta de energía eléctrica agrava aún más el problema. En el momento en que Estados Unidos busca relocalizar manufactura avanzada, semiconductores, ce",Jacques Rogozinski,El Financiero
newsapi,Narco rojo,"Se dice que el narco no tiene ideología, pero la tiene: son capitalistas salvajes.",https://www.elfinanciero.com.mx/opinion/fernando-garcia-ramirez/2026/02/01/narco-rojo/,https://www.elfinanciero.com.mx/resizer/v2/K7CMMO3ZLZGYNIOQ2VZXIELAGE.jpeg?smart=true&auth=968ecf76899e0b31a40cd3eb3833644fc3af7dc2d1ab3c6ba709c9119d6ac029&width=1200&height=630,2026-02-02T03:59:41Z,"Se dice que el narco no tiene ideología, pero la tiene: son capitalistas salvajes. Capitalistas: creen en el mercado, en la competencia feroz, exportan, comercian, combaten por sus puntos de venta (s… [+4737 chars]","Se dice que el narco no tiene ideología, pero la tiene: son capitalistas salvajes. Capitalistas: creen en el mercado, en la competencia feroz, exportan, comercian, combaten por sus puntos de venta (sus plazas), cuidan sus rutas, negocian. Y salvajes: disputan sus mercados a balazos, si el negocio no se cierra bien sobrevienen las masacres, utilizan una parte importante de sus ganancias en los sobornos a las autoridades, creen en la desregulación. No es algo de lo que podamos enorgullecernos, pero somos uno de los grandes exportadores de droga del mundo, con sucursales en todos los continentes. La situación puede cambiar. No sé si existe un plan para la transición cubana para cuando se derrumbe la dictadura. Probablemente, como ahora ocurre en Venezuela, la cúpula política-policial que ahora oprime a los cubanos seguirá controlando el poder hasta que la sociedad civil se fortalezca, reclame sus espacios, le arrebate el mando y quizá los obligue a huir del país. Existe el riesgo de que numerosos miembros de los aparatos de seguridad cubanos y venezolanos migren a México, protegidos o tolerados por el gobierno de la cuatroté, alegando que México ha tenido siempre los brazos abiertos al exilio, aunque en esta ocasión se trate de un exilio de asesinos, espías y verdugos. Algunos encontrarán acomodo en las filas del gobierno, lo que fortalecería los mecanismos autoritarios propios de la cuatroté. Pero mucho me temo que la mayoría serán acogidos por el crimen organizado, que se beneficiará de sus malas artes: expertos en espionaje, en represión, en control social. Podría entonces configurarse un escenario nefasto: la conjunción del narcotráfico con la ideología revolucionaria de izquierda, como pasó en Colombia y en Venezuela. Por mera conveniencia y sin dejar de lado sus prácticas del capitalismo depredador, surgiría en México un narco rojo: narcotraficantes revolucionarios que revestirían su tráfico ilegal con el discurso del foquismo guevarista. En Colombia se aliaron narcotraficantes y guerrilleros, una combinación explosiva que dota de discurso ideológico a los que antes eran sólo comerciantes desalmados. Cuando López Obrador quiso justificar su inacción frente al crimen organizado lo hizo diciendo que el narco también era pueblo. De algún modo esta justificación podría servir de base a lo que puede ocurrir. El narco mexicano vive actualmente amenazado por la intervención norteamericana. Existen fuertes indicios de que diversas agencias norteamericanas ya operan en territorio mexicano. La detención de Ray Wedding, por parte del FBI, así lo indica. Sheinbaum tuvo que salir a mentir, con ayuda incluso de fotografías falsas, sobre esta intervención. No es la primera (basta recordar el secuestro del ‘Mayo’ Zambada) y por supuesto no será la última. A las extracciones directas seguirán la de los comandos norteamericanos destruyendo laboratorios, que Sheinbaum intentará disimular diciendo que se trata de acuerdos de colaboración. El discurso soberanista de Sheinbaum, que sirve sobre todo para aplacar a las bases radicales de su partido, esconde en realidad uno de los gobiernos más permisivos de la historia reciente, en contraste con la actitud del gobierno de López Obrador, que impidió la acción de las agencias norteamericanas, lo que contribuyó al fortalecimiento del narco. La actual colaboración con Estados Unidos incluye entrenamiento militar conjunto, inteligencia, asistencia judicial e intervenciones encubiertas. No se puede descartar que en el futuro se lleven a cabo intervenciones de mayor escala o bombardeos estratégicos. A toda acción, sin embargo, corresponde una reacción. Los grupos criminales no observarán pasivos esta andanada. El número de personas trabajando para el narco es indeterminado, las estimaciones oscilan entre el medio millón (según el asesor contra el terrorismo Sebastián Gorka) y 175 mil, de acuerdo a la revista Science. No se espera que esta enorme cantidad de personas, fuertemente armadas y entrenadas, se convierta de la noche a la mañana en hermana de la caridad. Van a reaccionar de forma que no nos imaginamos. Una de esas reacciones podría ser la incorporación de elementos indeseables de las fuerzas de seguridad venezolanas y cubanas a sus filas. No sería impensable en este escenario que activaran el discurso ideológico. Si el narco “es Pueblo” podría pasar a reclutar a agentes e ideólogos revolucionarios para que el pueblo defienda “la Patria”. El peor de los mundos posibles. El narco rojo. El crimen organizado revolucionario. El Pueblo contra el Extraño enemigo. La defensa armada de un negocio ilegal disfrazada de defensa de la patria. Los radicales de la cuatroté, huérfanos de la caída de las dictaduras caribeñas, en busca de nuevos asideros ideológicos. Todo puede pasar. El futuro no existe. Lo construimos nosotros. Podemos permitir que México se siga hundiendo o nos organizamos para rescatarlo de un futuro ominoso. Las expresiones aquí vertidas son responsabilidad de quien firma ",Fernando García Ramírez,El Financiero
newsapi,Pensiones en México: la deuda que nadie quiere pagar,"Millones de trabajadores cotizan de forma intermitente o pasan largos periodos fuera de la formalidad, lo que reduce de manera drástica el monto de sus pensiones futuras.",https://www.elfinanciero.com.mx/opinion/arturo-castillo/2026/02/01/pensiones-en-mexico-la-deuda-que-nadie-quiere-pagar/,https://www.elfinanciero.com.mx/resizer/v2/BXSXPIECWJEJFDI4Z5DXLSUUG4.jpg?smart=true&auth=5917a8cf0e46973c74ae2cc6277201628dc7e1bd744db0285c570019f18eafde&width=1200&height=630,2026-02-02T03:59:05Z,"Sin duda alguna, el sistema de pensiones en México arrastra una deuda silenciosa que, lejos de disminuir, se ha vuelto más profunda con el paso de los años. No se trata solo de cifras o de ajustes le… [+4493 chars]","Sin duda alguna, el sistema de pensiones en México arrastra una deuda silenciosa que, lejos de disminuir, se ha vuelto más profunda con el paso de los años. No se trata solo de cifras o de ajustes legales, sino de una realidad que impactará de manera directa a millones de trabajadores que difícilmente alcanzarán un retiro digno. El diagnóstico es compartido por especialistas, pero pocas voces conocen el problema con tanta precisión como Gloria Arellano, abogada experta en seguridad social y una de las principales conocedoras del funcionamiento del Instituto Mexicano del Seguro Social (IMSS). En entrevista con quien esto escribe, Arellano es clara: el país ha optado por administrar el problema de las pensiones, no por resolverlo. Las reformas impulsadas en distintos momentos han sido parciales, reactivas y, en muchos casos, diseñadas para ganar tiempo político más que para construir un sistema sostenible de largo plazo. El resultado es un esquema que sigue sin responder a la realidad laboral y demográfica del país. La transición del modelo de reparto a las cuentas individuales fue presentada, en su momento, como la gran solución técnica. Se prometió que el ahorro individual permitiría pensiones suficientes y sostenibles, al tiempo que aliviaría la carga financiera del Estado. Sin embargo, en la práctica, ese diseño ignoró variables clave: salarios bajos, informalidad persistente y trayectorias laborales discontinuas que impiden acumular los recursos necesarios para una jubilación adecuada. Y es que el problema no es menor ni reciente. Millones de trabajadores cotizan de forma intermitente o pasan largos periodos fuera de la formalidad, lo que reduce de manera drástica el monto de sus pensiones futuras. A ello se suma que las aportaciones obligatorias durante años fueron claramente insuficientes, una situación que apenas comenzó a corregirse de manera gradual, y que tardará décadas en reflejarse en mejores pensiones. Por supuesto, el reto es también demográfico. México envejece a un ritmo acelerado, mientras el mercado laboral formal no crece en la misma proporción. Cada vez habrá más adultos mayores dependiendo de pensiones bajas, apoyos públicos o del respaldo familiar. El sistema actual no fue diseñado para ese escenario y los ajustes realizados hasta ahora no modifican de fondo esa tendencia. Así, las reformas más recientes buscan aliviar algunas de las fallas más evidentes, como el nivel de las pensiones mínimas garantizadas. No obstante, estos cambios, aunque necesarios, no resuelven el núcleo del problema. Incrementar aportaciones sin transformar el mercado laboral ni combatir de manera estructural la informalidad es apenas un paliativo frente a un desafío mucho más complejo. Otro punto crítico es el impacto fiscal futuro. Aunque la deuda del sistema de pensiones no siempre aparece de forma explícita en las finanzas públicas, sus efectos se harán visibles con el tiempo. El costo de no haber tomado decisiones de fondo recaerá en las siguientes generaciones, ya sea a través de mayores cargas fiscales o de un menor nivel de bienestar en la vejez. Para Arellano, el debate de las pensiones requiere una discusión más honesta y de largo plazo, lejos de soluciones temporales o discursos optimistas. Reconocer la magnitud del problema es el primer paso para enfrentarlo. De lo contrario, el país seguirá posponiendo decisiones que, tarde o temprano, serán inevitables. El derecho a un retiro digno no debería ser una aspiración lejana. La pregunta es si México está dispuesto a asumir el costo político y económico de hacerlo realidad, o si seguirá heredando el problema a quienes hoy apenas comienzan su vida laboral. Al tiempo. Ya veremos. El Botiquín",Jorge Arturo Castillo,El Financiero
newsapi,La paz se construye en el mostrador: Diálogos por la Paz y el poder de los negocios familiares,"La paz no empieza en un discurso. Empieza en lo cotidiano: en la familia, en el negocio y en la comunidad.",https://www.elfinanciero.com.mx/opinion/colaborador-invitado/2026/02/01/la-paz-se-construye-en-el-mostrador-dialogos-por-la-paz-y-el-poder-de-los-negocios-familiares/,https://www.elfinanciero.com.mx/resizer/v2/RQHJOSXOYNDGNHN4BK63GHKUPI.png?smart=true&auth=a45c3e7304b759dbb71d7e748009ccf6410eecebce8c18da6c0b1a1a39963605&width=1200&height=630,2026-02-02T03:57:31Z,"En México solemos hablar de paz como si fuera un ideal lejano. 
Pero en el territorio la paz no es un concepto, es una condición para vivir, trabajar y abrir la cortina cada mañana. Por eso los Diál… [+3131 chars]","En México solemos hablar de paz como si fuera un ideal lejano. Pero en el territorio la paz no es un concepto, es una condición para vivir, trabajar y abrir la cortina cada mañana. Por eso los Diálogos por la Paz importan, porque ponen la realidad en el centro y nos obligan a hablar con claridad de lo que duele y de lo que urge. La paz no empieza en un discurso. Empieza en lo cotidiano: en la familia, en el negocio y en la comunidad. Y por eso lo sostenemos con convicción: por el bien de todos, primero los negocios familiares. Cuando un negocio familiar cierra por miedo, pierde la familia, pierde el barrio y pierde el país. Cuando abre con tranquilidad, la comunidad respira. Y debemos decirlo sin rodeos, la extorsión no es “un costo” más, es un delito que rompe el tejido social, encarece operar, frena inversión y pone en riesgo empleos y el consumo local. En México, la percepción social lo confirma: en diciembre de 2025, 63.8 por ciento de la población consideró inseguro vivir en su ciudad. Peor aún, en el segundo semestre de 2025, 32.3 por ciento de los hogares tuvo al menos una persona víctima de robo, extorsión y/o fraude; y 14.1 por ciento vivió extorsión. Por eso sostenemos una verdad que muchos evaden, seguridad también es política económica local. Cuando la inseguridad se vuelve cotidiana, se enfría el consumo y se deteriora la vida de barrio. México no se sostiene desde arriba, se sostiene desde la economía real. Más del 99 por ciento de los negocios son MIPYMES. Son tiendas, fondas, talleres, farmacias, pequeños hoteles y prestadores de servicios. Economía de mostrador, la que da la cara, la que paga nómina… y la que sufre directamente a la delincuencia. En ese contexto nace el Distintivo de Empresas y Negocios Familiares por la Paz, no como propaganda, sino como un compromiso verificable. Legalidad y denuncia; trabajo digno e inclusión; comunidad; formación y futuro; cultura de paz. Y algo esencial, se evalúa, se revisa y puede revocarse, porque la paz no se presume, se construye. Los resultados ya hablan. Se registraron 100 empresas y negocios familiares y hasta ahora 13 negocios de 12 entidades federativas han logrado el distintivo. De esas 13, solo una es un gran empleador; las demás son economía de mostrador. Y en CONCANACO SERVYTUR México no nos quedamos en el diagnóstico, pasamos a la acción. Creamos el Observatorio Interactivo de Incidencias Delictivas con enfoque anti-extorsión para convertir datos en decisiones y fortalecer prevención y coordinación territorial.",Octavio de la Torre de Stéffano,El Financiero
newsapi,Atentados de alto impacto,"Los reportes preliminares del crimen no apuntan a un asesinato circunstancial, sino uno premeditado al entrar a su casa.",https://www.elfinanciero.com.mx/opinion/raymundo-riva-palacio/2026/02/01/atentados-de-alto-impacto/,https://www.elfinanciero.com.mx/resizer/v2/4ZYQDF4PL5FK5BVJFUCCQY2TXE.jpg?smart=true&auth=ea5c57f630c8f2f4088cf0c644df9bddb3c79d46c2f72d05781561da66e88a6a&width=1200&height=630,2026-02-02T03:53:31Z,"El asesinato de la tía y la prima del secretario de Educación, Mario Delgado, es una prioridad en la estrategia de seguridad, afirmó la presidenta Claudia Sheinbaum. Sin pacificar Sinaloa, la estrate… [+5465 chars]","El asesinato de la tía y la prima del secretario de Educación, Mario Delgado, es una prioridad en la estrategia de seguridad, afirmó la presidenta Claudia Sheinbaum. Sin pacificar Sinaloa, la estrategia de seguridad será un fracaso, dijo el secretario de Seguridad, Omar García Harfuch, al arrancar el gobierno. La incidencia delictiva va bajando; hay menos homicidios dolosos, reportan cada semana. La otra cara es que el gobierno está metido en serios problemas: sus estadísticas son cuestionadas por manipulación -reclasificación de delitos y silencio sobre desaparecidos- y, aun si se otorgara el beneficio de la duda, la calidad de la violencia va creciendo, acercándose a la cima del poder. Lo último es el asesinato de los familiares del secretario de Educación en Colima, directo en su casa en el centro de la capital, donde un grupo armado las ejecutó. Su tía y su prima eran pasteleras, alejadas de la política y sin problemas con delincuentes, salvo los de muy baja estofa, que según el hermano del secretario, Felipe Delgado, diputado federal del Verde, solo en algunas ocasiones personas de un picadero cercano se había cruzado por la azotea de su casa. Los reportes preliminares del crimen no apuntan a un asesinato circunstancial, sino uno premeditado al entrar a su casa, en el centro de la capital, bien entrada la madrugada, y dispararles repetidamente. Los asesinos huyeron y la policía, alertada por los vecinos del tiroteo, actuaron con una rapidez que no se había visto en otros crímenes de alto impacto y que pocas horas después localizaron el vehículo en el que presuntamente se trasladaron los sicarios, enfrentándose con ellos y abatiendo a tres. Si esto es cierto y no un montaje para desviar los móviles reales del crimen, el asesinato fue ejecutado por un comando, aunque llama la atención que hubiera sido en la madrugada y no a cualquier hora del día, como suelen hacer los sicarios de los cárteles. La diferencia de método abre la probabilidad de que este crimen no haya sido cometido directamente por una organización criminal, sino que se trate de un atentado político, con un mensaje para el secretario de Educación, que está perfilado para ser el candidato a gobernador en Colima. Informes del gobierno federal elaborados desde el sexenio del presidente Andrés Manuel López Obrador dan sustento a la hipótesis, que mencionan que Colima era controlado -su descripción es “gobernado”-, por un priista influyente que es muy cercano a la gobernadora de Morena, Indira Vizcaíno, que tiene lazos con el Cártel Jalisco Nueva Generación, que controlan el puerto de Manzanillo, desde donde manejan el tráfico de cocaína desde Colombia - un importante número de contenedores con la droga que llegan ahí, terminan en España-, y que es la principal puerta de entrada de los precursores químicos para fabricar metanfetaminas y del fentanilo chino que termina en el mercado estadounidense. Colima es la entidad con mayor número de homicidios dolosos por cada 100 mil habitantes. El estado cerró el año pasado con una tasa de alrededor de 50 asesinatos dolosos por cada 100 mil habitantes, por encima de los estados más calientes del país, como Sinaloa, Guanajuato, Jalisco o Baja California, aunque en números absolutos ocupe el lugar 17. La violencia está directamente asociada con el control del Puerto de Manzanillo, que pelean grupos como el Cártel Independiente de Colima, una escisión del Jalisco Nueva Generación, y el Cártel de Sinaloa, que nunca ha podido apoderarse de esa puerta marítima de entrada estratégica para el narcotráfico. La eventual llegada de Delgado a la gubernatura, en la hipótesis basada en el informe sobre las vinculaciones del Jalisco Nueva Generación con las más altas esferas de poder fáctico en el estado, es una amenaza para el control histórico que tienen sobre Manzanillo, porque el secretario de Educación ha sido vinculado en investigaciones de la DEA y la Marina mexicana como un operador electoral que benefició y se benefició políticamente del Cártel de Sinaloa. Las investigaciones federales en México y Estados Unidos señalan que Delgado manejó exitosamente siete elecciones de gubernaturas para Morena en 2021 con dinero del Cártel de Sinaloa, a través del empresario Sergio Carmona, que operaba una red de huachicol en Tamaulipas, que fue asesinado a finales de aquel año en una peluquería en San Pedro Garza García, Nuevo León. Tras el crimen, su hermano Julio se convirtió en testigo protegido y ha seguido aportando información relacionada con la narcopolítica de Morena. El hecho que el método de ejecución no se asemeje a la tipología de los cárteles, no elimina los cruces entre política y crimen. Todo lo contrario. Si el origen del asesinato, siguiendo con la hipótesis basada en los informes confidenciales del gobierno, viene del sector político colimense, este se encuentra vinculado con el Nueva Generación, para quienes un gobernador con ligas a Sinaloa, no es conveniente para sus fines. El asesinato, en este contexto",Raymundo Riva Palacio,El Financiero
newsapi,Electores de un distrito en Colorado se muestran divididos en torno a medidas migratorias de Trump,"Por NICHOLAS RICCARDI GREELEY, Colorado, EE.UU. (AP) — Al igual que muchos de quienes votaron por Donald Trump, Miranda Niedermeier no se opone a que se controle la inmigración. Se sintió alentada por las medidas iniciales del presidente republicano en su seg…",https://www.bostonherald.com/2026/02/01/electores-de-un-distrito-en-colorado-se-muestran-divididos-en-torno-a-medidas-migratorias-de-trump/,https://www.bostonherald.com/wp-content/uploads/2026/02/EEUU-ELECCIONES-INMIGRACION_66096.jpg?w=1024&h=683,2026-02-02T03:47:02Z,"Por NICHOLAS RICCARDI
GREELEY, Colorado, EE.UU. (AP) — Al igual que muchos de quienes votaron por Donald Trump, Miranda Niedermeier no se opone a que se controle la inmigración. Se sintió alentada p… [+6493 chars]","Por NICHOLAS RICCARDI GREELEY, Colorado, EE.UU. (AP) — Al igual que muchos de quienes votaron por Donald Trump, Miranda Niedermeier no se opone a que se controle la inmigración. Se sintió alentada por las medidas iniciales del presidente republicano en su segundo mandato que, en su opinión, estaban dirigidas a los inmigrantes que se encontraban en Estados Unidos sin permiso y habían cometido delitos. Pero Niedermeier, de 35 años, se ha desilusionado cada vez más con Trump. Nunca tanto como en semanas recientes, cuando agentes federales de inmigración mataron a dos ciudadanos estadounidenses durante larepresión aplicada por el mandatario en Minneapolis. “Al principio atrapaban a delincuentes, pero ahora sacan a la gente de los procedimientos migratorios, en busca de la más mínima infracción de tránsito” para deportar a alguien, señaló Niedermeier. Dijo que está horrorizada porque el enfoque del gobierno no es cristiano. “No debería ser cuestión de vida o muerte”, expresó. “No somos un país del Tercer Mundo. ¿Qué demonios está pasando?”. La campaña migratoria de Trump en Minnesota, y las muertes de Renee Good y Alex Pretti, han resonado en las granjas, los equipos de perforación petrolera y de gas, y los centros comerciales del 8vo Distrito Legislativo de Colorado, un escaño en disputa que se extiende al noreste desde Denver. La agitación en Minnesota, que ya lleva un mes, ha reforzado las opiniones políticas de algunos en el distrito de la Cámara de Representantes federal, y provocado que otros reconsideren las suyas. “Debería moderarse en el tema de la inmigración”, dijo Edgar Cautle, un trabajador petrolero mexicano-estadounidense de 30 años que se declaró partidario de Trump, pero a quien preocupan cada vez más las imágenes de agentes de inmigración quedetienen a niñosyseparan familias. “Está haciendo que la gente no lo quiera”. Si estas opiniones se mantienen hasta el otoño, ello podría poner en riesgo a los republicanos de la Cámara de Representantes que ganaron sus escaños por un estrecho margen, y poner en peligro el control total del Partido Republicano sobre el poder político en Washington. Incluso un pequeño cambio es significativo en el 8vo Distrito, donde el republicano Gabe Evans fue elegido al Congreso en 2024 por una diferencia de 2.449 votos, de los más de 333.000 emitidos. Su escaño es uno de los principales objetivos de los demócratas en su intento por recuperar la Cámara de Representantes en noviembre. Evans es un expolicía cuya madre es mexicano-estadounidense. Ha instado al gobierno a centrarse en deportar a delincuentes en lugar de a personas que se encuentran en el país sin autorización pero que, fuera de eso, cumplen con la ley. Según dice Evans, enfocarse en “criminales, no en abuelas”.",Associated Press Spanish,Boston Herald
newsapi,"Morena se solidariza con Cuba ante amagos arancelarios de Trump: ""Estas decisiones impactan a los pueblos""","Luisa María Alcalde Luján, a nombre del Movimiento de Regeneración Nacional (Morena), se solidarizó con Cuba luego de que el presidente de Estados Unidos, Donald Trump, amagara consubirle lo aranceles al los países que ayuden a la nación caribeña.La president…",https://www.milenio.com/internacional/morena-se-solidariza-con-cuba-ante-amenazas-de-trump,https://cdn.milenio.com/uploads/media/2020/11/12/luisa-maria-alcalde-lujan-secretaria-2.jpg,2026-02-02T03:36:00Z,"Luisa María Alcalde Luján, a nombre del Movimiento de Regeneración Nacional (Morena), se solidarizó con Cuba luego de que el presidente de Estados Unidos, Donald Trump, amagara con subirle lo arancel… [+2578 chars]","Para ver esta página correctamente, necesitas activar JavaScript en tu navegador. Luisa María Alcalde Luján, a nombre del Movimiento de Regeneración Nacional (Morena),se solidarizó con Cuba luego de que el presidente de Estados Unidos, Donald Trump, amagara consubirle lo aranceles al los países que ayuden a la nación caribeña. La presidenta de Morena también hizo un llamado para que las decisiones en materia internacional tengan siempre como eje centralel bienestar de las personas, y no la imposición, el castigo colectivo ni el uso de sanciones como instrumento de presión política. Para Alcalde Luján, el incremento de los aranceles no afecta a los gobiernos, sino al pueblo,además de que limitan el acceso a servicios esenciales como la energía, la salud y la alimentación, y vulneran principios fundamentales del derecho internacionaly de la convivencia pacífica entre las naciones. Agregó quedesde Morena respaldan a la presidenta Claudia Sheinbaum Pardo y a la política exteriorque ha encabezado desde que inició su administración. Resaltó que para la Presidenta de Méxicosiempre ha sido importante el diálogo, la diplomacia y el respeto entre paísescomo el único camino legítimo para evitar una crisis humanitaria y preservar la paz regional. Desde Morena, Movimiento de Regeneración Nacional, expresamos nuestra solidaridad con el pueblo cubano y hacemos un enérgico llamado a que las decisiones en materia internacional tengan siempre como eje central el bienestar de las personas, y no la imposición, el castigo… Donald Trump consideró Cuba buscará un trato con Washington tras el anuncio de arancelespara los países que le suministren petróleo y confió en que la isla ""volverá a ser libre"". El republicano dio estas declaraciones a bordo del Air Force One cuando la prensale cuestionó por las palabras de la presidenta Claudia Sheinbaum,quien advirtió quecortar el suministro de crudo a Cubaprovocará una crisis humanitaria. El republicano subrayó que Cuba está en ""una situación muy mala"" porque ""vivían del dinero y del petróleo de Venezuela, pero nada de esto está llegando"" desde que Estados Unidos capturó a Nicolás Maduro el 3 enero.",Rafael Mejía Fernández de Lara,Milenio
newsapi,Venezuela y la riqueza de su petróleo,Venezuela y la riqueza de su petróleo,https://www.lanacion.com.ar/editoriales/venezuela-y-la-riqueza-de-su-petroleo-nid02022026/,https://resizer.glanacion.com/resizer/v2/marcha-de-trabajadores-de-pdvsa-en-Q2M7FPJY6JDCJMMYU4PZ4ZUNMQ.jpg?auth=88be8b76037581fcdeb38b7a3f518230ce64a85e0fb7c746d33102353ecc8b2a&width=1200&quality=70&smart=false&height=800,2026-02-02T03:05:00Z,"Desde hace un siglo, en Venezuela el petróleo define el destino de la nación. A inicios del siglo XX, ese país era uno más entre las naciones pobres de América del Sur. Al descubrirse petróleo en 191… [+7970 chars]","Desde hace un siglo, enVenezuelael petróleo define el destino de la nación. A inicios del siglo XX, ese país era uno más entre las naciones pobres deAmérica del Sur.Al descubrirse petróleo en 1914, en pocas décadas se convertiría en el primer exportador mundial.En 1970, figuraba entre las 20 naciones más ricas. El panorama actual es desolador, una economía colapsada, su industria petrolera en ruinas, una colosal deuda externa y una pobreza sin precedentes. La comparecencia deNicolás Maduroante los tribunales deNueva York, es el epílogo de un modelo económico que arrastró a la nación con mayores recursos petroleros del planeta a un estado de indigencia total. La reacción en los mercados internacionales fue favorable al abrirse la posibilidad de un clima más amigable para las inversiones. Paralelamente subieron las acciones de las empresas prestadoras de servicios para dicha actividad. La economía venezolana depende de sus ingresos por exportaciones de petróleo (95% de sus ventas al exterior). Peromientras en 1998, el país exportaba por día 3,5 millones de barriles, en diciembre de 2025 apenas exportó 830.000. El retorno del crudo venezolano al mercado internacional ayudaría a estabilizar los precios de los combustibles e influir en la oferta global.Medio Orienteasiste a un conflicto en ciernes, que arroja subas en las primas de embarques petroleros en esa región. La extracción de hidrocarburos en Venezuela, desde sus inicios, contó con la participación de las empresas estadounidenses. Al surgir la empresa estatal PDVSA(Petróleos de Venezuela SA) en 1975, la mayoría de las empresas nacionalizadas eran norteamericanas. PDVSA se abrió paso como una firma eficiente, con autonomía y criterios de gestión privada, tejiendo asociaciones con capitales del exterior.El chavismo la convirtió en botín y un brazo político de la dictadura. Desde PDVSA se pagaron programas clientelares, gastos sociales, campañas políticas en diversos países, obediencia política y déficits fiscales. Los calificados empleados de la empresa organizaron un paro masivo en 2003 que culminó en 18.000 despidos. Las políticas de expropiación y férreos controles de precios terminaron de asfixiar la iniciativa privada, ocasionando nuevas pérdidas millonarias a compañías americanas, europeas y venezolanas. Las refinerías se vieron paralizadas y Venezuela empezó a importar petróleo.Hoy es la nave insignia de la corrupción chavista y el símbolo de un estado fallido. El delirio revolucionario de la izquierda bolivariana derivó en una fiesta del populismo derrochador, dejando un cementerio de empresas. Mientras la dictadura hostigaba las inversiones privadas, estimulaba el ingreso de las empresas deRusia,ChinaeIrán. Las riquezas nacionalizadas del petróleo y la minería, alimentaronuna corrupción institucionalizada a gran escala. Hoy un estado quebrado debe afrontar más de 60 juicios millonarios ante el Ciadi y otros tribunales. En la Argentina, en esos mismos años el kirchnerismo expropiabaRepsol YPF. Ningún recurso natural sobrevive a la politización sistemática ni a una cleptocracia depredadora. El operativo de captura de Maduro se realizó en dos horas y media. Pero sus consecuencias repercutirán durante más tiempo en el escenario global. La potencialidad energética venezolana constituye un factor geopolítico estratégico. Pocos meses antes, el Secretario de Estado,Marco Rubio, en reunión con las presidencias de los partidos republicano y demócrata, evaluaron que si las empresas americanas abandonaban Venezuela, su espacio sería ocupado por China. El suministro de petróleo desde los puertos venezolanos fue determinante para la victoria de los aliados en laSegunda Guerra Mundial. La dictadura deCaracasintentó invadirGuyanaen 2023 para anexar la cuenca petrolera delEsequibo. ¿Fueron instigados por alguno de sus aliados? LaComunidad del Caribeintervino en apoyo del pequeño país, mientras elReino Unido, losEstados UnidosyBrasildesplazaron navíos y tropas. Desde ese año, tanto Guyana comoSurinamyTrinidad y Tobagodesean desarrollar sus recursos energéticos con la ayuda y protección de Estados Unidos. Sin la ayuda del petróleo venezolano, la dictadura deCubase encuentra en apuros. La irrupción americana en el Caribe debilita las actividades energéticas de las dos grandes petroleras estatales rusasRosneftyLukoil, que abastecen financieramente la maquinaria bélica de Putin. En lugar de salir en defensa de Maduro, Pekín y Moscú optaron por mantener sus activos venezolanos en petróleo y minería, en espera de litigar si no se cumplen sus acuerdos. El petróleo fue el principal foco de atención en la conferencia de prensa que brindóDonald Trump. A los pocos días, en laCasa Blancase reunieron las grandes empresas petroleras. Las relaciones privilegiadas del partido republicano con las petroleras son conocidas, son grandes donantes de sus campañas electorales. Hasta la estatal venezolana CSIGO aportó para la primera elección de Trump. En su mensaje sorprendió la ausencia",,La Nacion
newsapi,Adán Augusto López deja coordinación de Morena: Esta es la nueva tarea del senador tabasqueño,Adán Augusto López deja la coordinación de Morena en el Senado para liderar trabajo territorial y fortalecer al partido rumbo a las elecciones de 2027.,https://www.elfinanciero.com.mx/nacional/2026/02/01/adan-augusto-lopez-deja-coordinacion-de-morena-esta-es-la-nueva-tarea-del-senador-tabasqueno/,https://www.elfinanciero.com.mx/resizer/v2/LCQ7BVODINBVJBLHU2WFGKQHWE.jpg?smart=true&auth=73831397147ea7cf36da201810ab7814a7b7301197fd96225a43dbef0b3613e6&width=1200&height=630,2026-02-02T02:29:39Z,"Adán Augusto López Hernández ha cerrado un capítulo político de alto perfil dentro del Senado de la República. Este domingo 1 de febrero, anunció su salida como coordinador del Grupo Parlamentario de… [+2864 chars]","Adán Augusto López Hernándezha cerrado un capítulo político de alto perfil dentro del Senado de la República. Este domingo 1 de febrero, anunció su salida como coordinador del Grupo Parlamentario de Morena, cargo que ejerció desde el inicio de la presente Legislatura y que conllevaba también la presidencia de la Junta de Coordinación Política (Jucopo). El cambio ocurre en un contexto en el queMorena se prepara para las elecciones intermedias de 2027, con la necesidad de consolidar su presencia territorial y asegurar victorias en gubernaturas clave. López Hernández subrayó que su decisión obedece a un replanteamiento estratégico más que a presiones internas. Aunque permanecerá como senador sin solicitar licencia, su agenda política —según sus propias palabras— se orientará ahora hacia una tarea que él considera fundamental para la proyección de su partido: fortalecer la estructura territorial morenista en regiones con alto padrón electoral. Con su salida de la coordinación,Adán Augusto López Hernández concentra ahora su misión en el trabajo político hacia 2027. Según explicó ante medios, su foco principal será: Trabajo territorial y organización política. El senador señaló que su principal objetivo será recorrer las distintas regiones del país paraconsolidar la presencia de Morena en territorios con mayor peso electoral, en especial en la Cuarta Circunscripción, que incluye Ciudad de México, Guerrero, Morelos, Puebla y Tlaxcala. Este tipo de operación política de campo —históricamente clave en México para asegurar estructuras partidistas sólidas— se ha convertido en una prioridad visto el calendario electoral que se avecina. Fortalecer redes locales, ampliar la base de militancia y coordinar estrategias con gobiernos estatales afines son parte de su nueva agenda explícita. La misión declarada por López Hernández tiene un componente cuantitativo:ganar gubernaturas en disputa y mantener la mayoría calificada en ambas cámaras del Congreso.En Morena consideran que la presencia en territorio permite influir en la dinámica electoral de cara a elecciones intermedias, y Adán Augusto ha sido comisionado para contribuir a ese objetivo. Al abandonar la coordinación, López Hernández permite que otro morenista con amplia experiencia legislativa,Ignacio Mier Velazco, asuma la conducción del bloque en el Senado y la Jucopo, lo que libera al tabasqueño para centrarse en el trabajo político-electoral fuera del pleno legislativo. López insistió en que no busca cargos diplomáticos ni abandona su curul, sino que se enfocará en lo que considera trabajo de base para consolidar al movimiento de gobierno de cara a 2027.",Redacción,El Financiero
newsapi,"""Descuartizaban bebés, les sacaban los intestinos y comían sus heces"": archivos de Epstein revelan sacrificios rituales",Una de la víctimas relató una especie de sacrificio ritual mientras estaba en un yate propiedad del financiero  fallecido.,https://actualidad.rt.com/actualidad/585071-descuartizaban-bebes-lsacaron-intestinos-archivos-epstein-rituales,https://mfes.b37m.ru/actualidad/public_images/2026.02/article/697ffdb659bf5b4dc8666145.jpg,2026-02-02T02:27:48Z,"En los nuevos archivos del fallecido delincuente sexual Jeffrey Epstein, publicados este viernes por el Departamento de Justicia de Estados Unidos y que incluyen 2.000 videos y 180.000 imágenes relac… [+1682 chars]","En los nuevos archivos del fallecido delincuente sexual Jeffrey Epstein,publicadoseste viernes por el Departamento de Justicia de Estados Unidos y que incluyen 2.000 videos y 180.000 imágenes relacionadas con el caso, se menciona una denuncia de sacrificios rituales con canibalismo. Según eldocumentoEFTA00147661, el FBI entrevistó a unapresuntavíctima de violación por parte George H.W. Bush, expresidente de Estados Unidos. La víctima relató que mientras estaba en un yate propiedad de Epstein ""presenció cómo hombres afroamericanos mantenían relaciones sexuales con mujeres rubias blancas"" hasta hacerlas sangrar. ""[Él] Fue víctima de unaespecie de sacrificio ritualen el que le cortaron los pies con una cimitarra [sable de hoja curva y un solo filo], pero sin dejar cicatrices"", reza el texto. Además, se menciona que la víctima fue testigo dedescuartizamiento de bebés, a quienes ""les extraían los intestinos y algunas personas comían las heces de dichos intestinos"". A raíz de esta información,ha resurgidoen las redes sociales unvideode la modelo mexicana Gabriela Rico Jiménez de 2009, cuando frente a un hotel de lujo en Monterrey, México,acusó a presuntas élites de practicar canibalismo. ""¡Comieron humanos, asquerosidad!"", gritaba la joven, que había asistido a una fiesta privada en el lugar. ""Yo no estaba enterada de nada, que habían, o sea de los asesinatos sí, pero que habían comido humanos, humanos! Huelen a carne humana"", añadió.","RT en Español
 , RT en Español",RT
newsapi,"La ""fábrica de bebés"" de los magnates chinos y el vacío legal que desafía a Estados Unidos en la gestación subrogada","Los casos de chinos multimillonarios que engendran cientos de hijos por gestación en EEUU han desatado una tormenta ética y política en Washington.
Más información: Una denuncia en Galicia provoca el cierre en España de webs que publicitaban gestación subroga…",https://www.elespanol.com/mundo/20260202/gestacion_subrogada-elon_musk-estados_unidos-china-mundo/1003744111898_0.html,https://s3.elespanol.com/2026/01/01/actualidad/1003744075953_260740334_1706x960.jpg?fmt=jpeg,2026-02-02T01:50:25Z,"Magnates chinos, como Xu Bo, utilizan la gestación subrogada en EE.UU. para tener múltiples hijos y obtener la ciudadanía estadounidense para ellos.
La falta de regulación federal en EE.UU. permite … [+8512 chars]","Un grupo de niños chinos durante una recepción oficial.Reuters Magnates chinos, como Xu Bo, utilizan la gestación subrogada en EE.UU. para tener múltiples hijos y obtener la ciudadanía estadounidense para ellos. La falta de regulación federal en EE.UU. permite que empresarios extranjeros contraten vientres de alquiler y creen dinastías familiares con fines estratégicos y patrimoniales. El fenómeno está impulsado por un tecnonatalismo que mezcla influencias de Elon Musk con valores confucianos, priorizando la perpetuación del linaje y el legado familiar. El Senado estadounidense debate la SAFE KIDS Act, que busca regular la gestación subrogada y restringir el acceso a la ciudadanía automática para bebés nacidos bajo este sistema. -“¿Usted cuida de sus hijos?”-“No, tengo personas para eso.” La respuesta por videoconferencia deXu Bo, millonariochinoacusado de prácticas de vientres de alquiler en masa, y en concreto de engendrar más de 100 hijos, resonó en la sala del tribunal de Los Ángeles, California. Frente a jueces y abogados, su frialdad desató un debate no sólo legal, sino ético y psicológico:¿qué impulsa a los ultrarricos chinos a tener múltiples hijos por subrogación? ¿Es esta una nueva forma dereproducción estratégica ligada al poder? El propio Xu alardeaba en las redes sociales de su empresa enChinade tener una megafamilia, donde provocó una condena social. En 2023 y con gran discreción saltó a los tribunales estadounidenses, según una investigación del Wall Street Journal. La falta de regulación federal en EEUU ha permitido que magnates de regímenes adversarios, y sobre todo de chinosinspirados por la obsesión natalista de Elon Musk, donde la subrogación está prohibida, exploten el mercado reproductivo estadounidense para obtener la ciudadanía por nacimiento.",Marga Zambrana,Elespanol.com
newsapi,Manifestantes piden a México sostener apoyo a Cuba ante endurecimiento de medidas de EE.UU.,"Con banderas, pancartas y consignas, asistentes dijeron que el objetivo fue expresar solidaridad con la población cubana y rechazar lo que describieron como una política de “asfixia”.",https://aristeguinoticias.com/0102/mexico/manifestantes-piden-a-mexico-sostener-apoyo-a-cuba-ante-endurecimiento-de-medidas-de-ee-uu/,https://editorial.aristeguinoticias.com/wp-content/uploads/2026/02/protesta-cuba-mexico-petroleo-ayuda-humanitaria-010226-1.jpg,2026-02-02T01:39:55Z,"Cientos de manifestantes se congregaron este domingo a las afueras de la antigua sede de la Embajada de Estados Unidos en México, en la capital mexicana, para protestar contra el endurecimiento de la… [+3925 chars]","Con banderas, pancartas y consignas, asistentes dijeron que el objetivo fue expresar solidaridad con la población cubana y rechazar lo que describieron como una política de “asfixia”. Cientos de manifestantes se congregaron este domingo a las afueras de la antigua sede de laEmbajada de Estados Unidosen México, en la capital mexicana, para protestar contra el endurecimiento de las restricciones desde Washington hacia Cuba y pedir que el país mantenga su apoyo a la isla ante la presión del Gobierno estadounidense. Con banderas, pancartas y consignas, asistentes dijeron aEFEque el objetivo fue expresar solidaridad con lapoblación cubanay rechazar lo que describieron como una política de “asfixia”. Varios entrevistados coincidieron en que las medidas de Washington no impactan solo a las autoridades cubanas, sino a la vida cotidiana de la población, y señalaron que el acceso a combustibles incide en el transporte, la electricidad y la operación de servicios básicos. Aline Pérez, militante delMovimiento Mexicano de Solidaridad con Cuba, afirmó que el bloqueo tiene consecuencias directas sobre el abastecimiento de combustible y el funcionamiento de hospitales, y sostuvo que la falta de energía y logística puede afectar tratamientos y procedimientos médicos.  “Venimos convocando junto con otras organizaciones para manifestar primero que nada el apoyo a Cuba, a la revolución cubana. Estamos en contra completamente de este recrudecimiento del bloqueo, de la asfixia que está haciendo (Donald) Trump contra todo el pueblo cubano (…) ya tiene un bloqueo naval con elpetróleo venezolano. Ahora lo que está diciendo es que ellos van a multar a todo aquel que quiera comerciar directa o indirectamente petróleo a Cuba. Es intolerable”, expresó. En la manifestación participó también Isabel Pedro, quien llamó a fortalecer la solidaridad con Cuba y a repudiar medidas que calificó de inhumanas. Te puede interesar|Sheinbaum anuncia envío de ayuda humanitaria de México a Cuba Consideró que la postura de México ha sido insuficiente y la calificó de “tibia”, aunque dijo comprender las implicaciones diplomáticas, por lo que pidió que las acciones sean más claras para evitar interrupciones en el abasto de petróleo u otros apoyos.",Redacción AN / LP,Aristeguinoticias.com
newsapi,"Los demócratas apuestan por una estrategia ""cínica y razonable"" ante la polémica por ICE, dice experto","La excandidata presidencial demócrata Kamala Harris respaldó ""desfinanciar a la policía"" en medio de las protestas ""Black Lives Matter"", pero luego dio marcha atrás, generando desconfianza entre propios y ajenos. ""Los demócratas saben que deben ser cuidadosos…",https://noticiaslatam.lat/20260202/los-democratas-apuestan-por-una-estrategia-cinica-y-razonable-ante-la-polemica-por-ice-dice-experto-1170921873.html,https://cdn.img.noticiaslatam.lat/images/sharing/article/spa/1170921873.jpg?11634393761769990842,2026-02-02T00:00:20Z,"El Partido Demócrata enfrenta uno de sus mayores dilemas de cara a los comicios del 2026 y 2028, en medio de las protestas que se han desatado a lo largo del país por las dos muertes, en menos de tre… [+1041 chars]","Este precedente ""le explotó en la cara luego a Harris, quien necesitaba de los votos de los independientes y los conservadores para ganar, porquelos progresistas ya no confiaban en ella por sus posturas belicistas, y finalmente no obtuvo el apoyo de nadie, perdiendo en todos losswing-states"",añadió. ""Es una manera de querer posicionarse ante el electorado como defensores de las instituciones y la ley y el orden, pero buscando limitar la militarización en las ciudades y prevenir el abuso"", dice Romano, quien advierte que se trata deuna jugada ""cínica y razonable"",pero no carente de riesgos. Suscríbete a nuestros canales de Telegram a través deestosenlaces. Ya que la aplicación Sputnik está bloqueada en el extranjero, eneste enlacepuedes descargarla e instalarla en tu dispositivo móvil (¡solo para Android!). También tenemos una cuentaen la red social rusa VK.",Rodrigo Duarte,Noticiaslatam.lat
newsapi,Mirador Político: La presidenta no tiene quien le escriba | Jorge Alcocer V.,"Hasta 2015 nuestro sistema electoral había funcionado adecuadamente, permitiendo una aceptable correspondencia entre votos, curules y escaños, sin obstaculizar las alianzas legislativas para conformar mayorías que hicieron posible múltiples reformas constituc…",https://aristeguinoticias.com/0102/opinion/mirador-politico-la-presidenta-no-tiene-quien-le-escriba-jorge-alcocer-v/,https://editorial.aristeguinoticias.com/wp-content/uploads/2025/11/claudia-sheinbaum-revocacion-mandato-adelantar-2027-ahorrar-recursos-111125.jpg,2026-02-01T22:57:29Z,"Por Jorge Alcocer V.
Se rumora que, emulando a su inmediato antecesor, el 5 de febrero próximo la presidenta de México entregará a la Cámara de Diputados las propuestas de reforma electoral. En un d… [+5624 chars]","Hasta 2015 nuestro sistema electoral había funcionado adecuadamente, permitiendo una aceptable correspondencia entre votos, curules y escaños, sin obstaculizar las alianzas legislativas para conformar mayorías que hicieron posible múltiples reformas constitucionales de gran transcendencia. Por Jorge Alcocer V. Se rumora que, emulando a su inmediato antecesor, el 5 de febrero próximo la presidenta de México entregará a la Cámara de Diputados las propuestas de reforma electoral. En un día como ese, de 2024, el tabasqueño envió al Congreso la catarata de cambios que, en menos de un año, deformó nuestra Constitución a extremos insospechados. Los dos asuntos cruciales, que hasta hoy siguen en veremos, son el dinero para los partidos políticos, al que me referí en este espacio la semana pasada, y la integración de las cámaras del Congreso de la Unión. O sea, el sistema electoral. A eso me refiero a continuación. En sentido lato, el sistema electoral es la forma (método) en como los votos se convierten en curules o escaños. “Dos son los modelos tradicionales de s. electorales: el mayoritario y el proporcional; de todos los otros constituyen ni más ni menos que modificaciones o perfeccionamientos de éstos.” (p.1477; Bobbio et al,Diccionario de Política. Siglo XXI, Editores, México). Para la Cámara de Diputados el sistema electoral mexicano es mixto, con dominante mayoritaria. 300 diputados son electos por mayoría relativa en igual número de distritos uninominales y 200 en 5 regiones territoriales, de 40 curules cada una, que se distribuyen por el método de cociente natural y resto mayor. El elector recibe una sola boleta. Por regla constitucional ningún partido (o alianza de partidos) puede tener una diferencia entre su porcentaje de votos y el de curules, respecto del total de la Cámara, mayor a 8 puntos porcentuales. El número máximo de curules que un partido, o coalición, puede obtener es de 300. En el Senado, con 128 escaños, el sistema electoral es también mixto, pero con tres métodos: 64 escaños de mayoría relativa, 2 por estado. Al partido -o coalición, que obtiene mayoría, se le asignan los 2 escaños. Hay 32 escaños de primera minoría, 1 por cada estado, que se asigna al partido -o coalición, que obtenga el segundo lugar en votos en cada estado.  Hay otros 32 escaños plurinominales, con candidatos postulados en lista nacional, que se distribuyen por cociente natural y resto mayor. Para el Senado no existen límites de sobrerrepresentación ni máximo de escaños para un mismo partido o coalición. Al igual que para elegir diputados, en el caso del Senado el elector recibe una sola boleta.  El número actual de diputados (500) se aprobó en 1986. Los límites a la sobrerrepresentación y al número máximo de curules por partido -o coalición, se aprobaron en 1996. Hasta 2018 las reglas de asignación y los límites fueron respetados. Es cierto que desde las elecciones de 2012 el PRI y el PVEM encontraron la manera de eludir los límites a la sobrerrepresentación, pero el efecto fue marginal. Fue con Morena, a partir de 2018 que estalló el fraude a la ley. El problema de da con las coaliciones encabezadas por Morena, que por convenio transfiere victorias distritales a sus aliados y luego todos toman plurinominales. El clímax de ese engaño se alcanzó en 2024, cuando Morena y aliados recibieron un beneficio que violó por partida doble la Constitución. Violó el límite de 300 diputados que un partido o coalición puede obtener, y violó el porcentaje máximo de sobrerrepresentación, al otorgarles 19 puntos porcentuales, 11 por arriba de lo que dicta el artículo 54 de la Carta Magna.",Jorge Alcocer V.,Aristeguinoticias.com
newsapi,Ministro propone invalidar reforma sobre discursos de odio en redes contra comunidad LGBT,Un ministro de la Suprema Corte de Justicia de la Nación (SCJN) planteará invalidar la reforma que entró en vigor en Sinaloa y castiga con uno a tres años de prisión a quienes en redes sociales difunden discursos de odio contra la comunidad LGBT.El togado rec…,https://www.milenio.com/politica/ministro-propone-invalidar-reforma-discursos-odio-lgbt,https://cdn.milenio.com/uploads/media/2026/02/01/senalan-odio-comunidad-lgbt-incrementa.jpg,2026-02-01T22:19:00Z,Un ministro de la Suprema Corte de Justicia de la Nación (SCJN) planteará invalidar la reforma que entró en vigor en Sinaloa y castiga con uno a tres años de prisión a quienes en redes sociales difun… [+4032 chars],"Para ver esta página correctamente, necesitas activar JavaScript en tu navegador. Un ministro de la Suprema Corte de Justicia de la Nación (SCJN) planteará invalidar lareforma que entró en vigor en Sinaloay castiga conuno a tres años de prisióna quienes en redes sociales difunden discursos de odio contra la comunidad LGBT. El togado reconoció la intención del congreso local porproteger a los grupos vulnerables, pero enfatizó que la norma vigente desde hace casi dos años es confusa. El asunto será debatido el martes 3 de febrero, cuando Arístides Guerrero García, ministro instructor,presente un proyectoen el que propone declarar fundados los alegatos de laPresidencia de la República, la cual promovió una acción de inconstitucionalidad en la que impugnó la fracción I, del artículo 189, del Código Penal de la citada entidad. En sus argumentos, el legislativo local señaló que el discurso de odio en México haaumentado drásticamente contra la comunidad LGBT, particularmente enredes sociales, donde personasprovocan, incitan y difunden expresiones discriminatoriascon impunidad. Asimismo, indicó que el problema es que estas conductas (provocar, incitar, apoyar o difundir acciones o expresiones verbales y/o escritas que denoten la dignidad de las personas basadas en odio) no están adecuadamente tipificadas ni sancionadas. Lo anterior permite quelos discursos discriminatorios se multipliquen sin consecuencias legales, generando un clima de hostilidad que puede propiciar actos violentos contra grupos vulnerables. Por esta razón, impulsó la reforma, estableciendo quese impondrán de uno a tres años de prisión y multa de 50 a 200 días, a quien incite y apoye a difundir acciones o expresiones verbales o escritas de cualquier tipo basadas enodio, violencia o discriminacióncontra cualquier persona o grupos de personas. Guerrero García reconoció que personas lesbianas, gay, bisexuales, trans e intersexuales han estado históricamente sometidas a discriminación por su orientación sexual, identidad y expresión de género, y diversidad corporal. Puntualizó que la Comisión Interamericana de Derechos Humanos, a través de su Relatoría especializada, ha alertado que las personas LGBT continúan siendo sujetas a discriminación, violencia, persecución y otros abusos que vulneran sus derechos.",Rubén Mosso,Milenio
newsapi,"""Me inscribiré a encuesta de Aguascalientes, pero si puedo ayudar a recuperar la Cuauhtémoc me anoto"": Arturo Ávila","El vocero de Morena en la Cámara de Diputados, Arturo Ávila, aseguró que se inscribirá en la contienda interna por la candidatura a la gubernatura de Aguascalientes rumbo a 2027.Aunque, de haber algún otro escenario político en el cual pueda “ayudar al movimi…",https://www.milenio.com/politica/arturo-avila-va-por-gubernatura-de-aguascalientes,https://cdn.milenio.com/uploads/media/2026/02/01/arturo-avila-diputado-morena-entrevista.jpeg,2026-02-01T22:02:00Z,"El vocero de Morena en la Cámara de Diputados, Arturo Ávila,aseguró que se inscribirá en la contienda interna por la candidatura a la gubernatura de Aguascalientes rumbo a 2027. 
Aunque, de haber al… [+10693 chars]","Para ver esta página correctamente, necesitas activar JavaScript en tu navegador. El vocero de Morena en laCámara de Diputados, Arturo Ávila,aseguró que se inscribirá en la contienda interna por la candidatura a la gubernatura de Aguascalientes rumbo a 2027. Aunque, de haber algún otro escenario político en el cual pueda “ayudar al movimiento” a recuperar la alcaldía Cuauhtémoc —hoy gobernada por la oposición—,se dijo dispuesto a contender. EnCafé MILENIO, el legislador morenista afirmó queha faltado unidad al interior del partido guinda para competir y recobrar el control  en “la capital” de la Ciudad de México. Señaló llevarse bien con grupos políticos de la demarcación y pidió adelantar las encuestas internas para que se tengan definidos en el primer semestre de este año los 17 coordinadores en defensa de la transformación rumbo a la elección intermedia. Óscar Cedillo (OC):—¿En qué momento cambias de ser empresario a ser político y por qué?— Carlos Zúñiga (CZ):—¿Consideras que ya no hay crisis, autoritarismo y corrupción?— Pedro Gamboa (PG):—¿Cuáles son los rubros que todavía hay que trabajar en el país?— Alejandro Domínguez (AD):—¿En dónde marcas lo sucedido el fin de semana en Salamanca?— OC:—¿Crees que tenemos elementos suficientes para combatir al crimen organizado?—",Redacción,Milenio
newsapi,Alemania dice sí al Mundial 2026: descarta boicot pese a tensiones políticas,"La Federación Alemana de Fútbol (DFB) confirmó que su selección participará en el Mundial 2026 en Estados Unidos, Canadá y México, descartando cualquier boicot. La decisión busca separar el deporte de la política, aunque genera debate sobre el papel del fútbo…",https://www.meneame.net/m/politica/alemania-dice-mundial-2026-descarta-boicot-pese-tensiones,https://www.meneame.net//cdn.mnmstatic.net/img/mnm/logo-350x350.png,2026-02-01T21:50:47Z,,menéame,History_apa,Meneame.net
newsapi,Sheinbaum anuncia envío de ayuda humanitaria de México a Cuba,El anuncio ocurre tras el anuncio de medidas de Estados Unidos contra países que suministren petróleo a la isla.,https://aristeguinoticias.com/0102/mexico/sheinbaum-anuncia-envio-de-ayuda-humanitaria-de-mexico-a-cuba/,https://editorial.aristeguinoticias.com/wp-content/uploads/2026/02/claudia-sheinbaum-ayuda-humanitaria-cuba-010226.jpg,2026-02-01T21:35:38Z,"La presidenta Claudia Sheinbaum anunció que su gobierno prepara el envío de ayuda humanitaria a Cuba, principalmente alimentos y otros insumos básicos, como una medida inmediata ante las necesidades … [+3589 chars]","El anuncio ocurre tras el anuncio de medidas de Estados Unidos contra países que suministren petróleo a la isla. Lapresidenta Claudia Sheinbaumanunció que su gobierno prepara el envío deayuda humanitaria a Cuba, principalmente alimentos y otros insumos básicos, como una medida inmediata ante las necesidades de la población de la isla. El anuncio se dio en medio de tensiones diplomáticas derivadas de lasrestricciones anunciadas por Estados Unidosa países que suministren petróleo a Cuba. Durante un evento celebrado el domingo en Guaymas, Sonora, la mandataria explicó que el apoyo será enviado con la participación de la Secretaría de Marina, mientras continúan las gestiones diplomáticas relacionadas con elsuministro de combustiblepor razones humanitarias. Señaló que, por el momento, el envío de petróleo enfrenta obstáculos tras el anuncio del gobierno estadounidense de imponer aranceles a quienes abastezcan energéticamente a la isla. “Esta semana estamos planeando una ayuda humanitaria a Cuba… mientras resolvemos de manera diplomática todo lo que tenga que ver con elenvío de petróleo por razones humanitarias”, afirmó Sheinbaum. Precisó que la asistencia incluirá alimentos y otros insumos fundamentales, en tanto se exploran vías diplomáticas para atender el tema energético. Las declaraciones se producen luego de que el presidente de Estados Unidos,Donald Trump, señalara públicamente que México dejó de enviar petróleo a Cuba tras una conversación con la mandataria mexicana y ante la advertencia de sanciones comerciales. Trump afirmó el sábado que su gobierno no considera que exista una crisis humanitaria en la isla y vinculó el tema a una posible negociación futura conLa Habana. Te puede interesar|Trump afirma que Sheinbaum accedió a su petición de frenar los envíos de petróleo a Cuba",Redacción AN / LP,Aristeguinoticias.com
newsapi,Adán Augusto deja la coordinación de Morena en el Senado; queda Ignacio Mier al frente,Morena informó que la transición se da tras cumplir los objetivos legislativos del Plan C.,https://aristeguinoticias.com/0102/mexico/adan-augusto-deja-la-coordinacion-de-morena-en-el-senado-queda-ignacio-mier-al-frente/,https://editorial.aristeguinoticias.com/wp-content/uploads/2026/02/deja-adan-augusto-coordinador-morena-senado-ignacio-mier-010226-1.jpg,2026-02-01T20:41:29Z,"El senador Adán Augusto López Hernández anunció su salida de la coordinación del Grupo Parlamentario de Morena en el Senado de la República, cargo que ocupó desde el inicio de la Legislatura, para co… [+2882 chars]","Morena informó que la transición se da tras cumplir los objetivos legislativos del Plan C. Elsenador Adán Augusto López Hernándezanunció su salida de lacoordinación del Grupo Parlamentario de Morena en el Senadode la República, cargo que ocupó desde el inicio de la Legislatura, para concentrarse en tareas de operación política y electoral rumbo a 2027. En su lugar fue designadoIgnacio Mier Velazcocomo nuevo coordinador. La decisión fue comunicada durante una reunión plenaria de la bancada. López Hernández precisó que no deja su escaño ni asumirá una representación diplomática, sino quecontinuará como senador mientras realiza trabajo territorial, particularmente en la cuarta circunscripción electoral, considerada la de mayor peso poblacional del país de cara a las elecciones intermedias federales. Esta es una decisión que tomé en las últimas horas cuando se abrió la posibilidad de ir a hacer trabajo político electoral en 2027.  “Toca ahora algo que requiere tiempo completo para fortalecer la unidad adentro del movimiento”, afirmó López Hernández. El excoordinador explicó que su ciclo al frente de la bancada concluyó tras cumplir con los objetivos legislativos planteados al inicio de la Legislatura, entre ellos la construcción de una mayoría calificada junto con los aliados Partido del Trabajo y Partido Verde Ecologista de México, así como la aprobación del llamado Plan C y laReforma Judicial. Te puede interesar|Reforma Electoral… mal por donde se le vea | Columna de Ordaz y Dosal Señaló que la decisión fue conversada previamente con los actores internos correspondientes y posteriormente planteada a sus compañeros de bancada.",Redacción AN / LP,Aristeguinoticias.com
newsapi,Cuando Carlos Bonavides defendió a AMLO y Sheinbaum: ‘El mejor presidente desde Moctezuma’,"Carlos Bonavides ha reiterado su respaldo al proyecto de la Cuarta Transformación en varias ocasiones, principalmente por los programas sociales.",https://www.elfinanciero.com.mx/espectaculos/2026/02/01/la-vez-que-carlos-bonavides-defendio-a-amlo-y-a-sheinbaum/,https://www.elfinanciero.com.mx/resizer/v2/2WEIZXRP7BHOPLJ437QHG57PMU.jpg?smart=true&auth=42984620bdc3d6efc40c830ac1ba2344b9b97969f7819a70116bd525baad322a&width=1200&height=630,2026-02-01T20:13:20Z,"Carlos Bonavides defiende su Pensión del Bienestar desde hace varios años, incluso frente a las recientes críticas de Laura Zapata, quien insinuó que la cobraba por hambre. Además, es uno de los famo… [+4098 chars]","Carlos Bonavides defiende su Pensión del Bienestardesde hace varios años, incluso frente a las recientescríticas de Laura Zapata, quien insinuó que la cobraba por “hambre”. Además, es uno de losfamosos que simpatizan con la Cuarta Transformación. Elactor Carlos Bonavidesha repetido incontables veces, frente a cámaras y micrófonos, su respaldo al proyecto político encabezado porAndrés Manuel López Obradory, ahora, porClaudia Sheinbaum, como en octubre de 2024, cuando consideró al tabasqueño como un gobernante destacado y pidió a los mexicanos darle una oportunidad a la presidenta. En ese entonces, el intérprete deHuicho Domínguezfue juez de un festival de imitaciones y fonomímica organizado por personas privadas de la libertad en el Reclusorio Sur y aprovechó para dar su postura política sobre la situación del país. “Tengo yo mucha fe en que las personas que van a abocarse a esta nueva transformación en el aspecto judicial lo hagan con todo el cariño, con todo el amor a México. Ya sabemos que desgraciadamente hay muchas personas que quieren que le vaya mal a México parademostrar que esta administración ha sido mala“, opinó. En la entrevista recuperada por el canal de YouTubeQué buen chisme,Bonavides se mostró satisfecho con la gestión de López Obrador: “Ese sexenio ha sido testigo delmejor presidente que hemos tenido desde Moctezuma, conquistado por Hernán Cortés, hasta nuestros días”. A su parecer, López Obrador sería “mucho más importante que Benito Juárez” por el contexto que vivió: las consecuencias, el número de habitantes y la importancia del país. El actor también habló delretiro de López Obrador: “Nuestro presidente se va a retirar con una pensión… la misma que yo tengo de Morena”. En ese mismo encuentro,Carlos Bonavidesdestacó la necesidad de evaluar al actual gobierno considerando las condiciones en las que recibió el país. Mencionó la deuda pública, la pandemia y lo que llamó “errores profundísimos” de administraciones anteriores: “una semilla que sembraron los gobiernos anteriores, como el PRI y el PAN, que ahora se ha convertido en un árbol frondoso”. “Esta administración se recibió con una deuda extraordinaria, con una epidemia que costó muchas vidas (...)Démosle oportunidad a nuestra nueva presidentay démonos a todos los mexicanos la oportunidad (...) Nosotros vivimos en un país que debería de ser una de las máximas potencias del mundo porque tenemos todo” y agregó que México cuenta con recursos naturales, territorio y fuerza laboral suficientes para consolidarse como potencia. Uno de los puntos que Bonavides ha reiterado en distintos momentos es su rechazo a la idea de que México viva bajo un régimen autoritario: “Eso de decir que estamos en una dictadura es la necedad más grande del mundo (...) Imagínate las ofensas tan terribles que se han proferido en contra de nuestro señor presidente”.",Redacción,El Financiero
newsapi,"ICE no solo parece y actúa como una fuerza paramilitar, lo es, y eso hace que sea más difícil de controlar","Forbes México.
 ICE no solo parece y actúa como una fuerza paramilitar, lo es, y eso hace que sea más difícil de controlar

ICE fue descrita como una fuerza paramilitar en EU, combinando características de policía militarizada y herramienta de represión polít…",https://forbes.com.mx/ice-no-solo-parece-y-actua-como-una-fuerza-paramilitar-lo-es-y-eso-hace-que-sea-mas-dificil-de-controlar/,https://cdn.forbes.com.mx/2026/01/ICE-arrestos-casas.webp,2026-02-01T20:00:00Z,"A medida que las operaciones de Inmigración y Control de Aduanas (ICE) se intensificó durante el último año, políticos y periodistas por igual han comenzado a referirse a ICE como una fuerza paramili… [+9229 chars]","A medida que las operaciones de Inmigración y Control de Aduanas (ICE) se intensificó durante el último año, políticos y periodistas por igual han comenzado a referirse a ICE como una “fuerza paramilitar”. El representante John Mannion, demócrata de Nueva York, llamó a ICE “una unidad paramilitar personal del presidente”. El periodista Radley Balko, quien escribió un libro sobre cómo se militarizaron las fuerzas policiales estadounidenses, argumentó que el presidente Donald Trump estaba utilizando la fuerza “de la manera en que un autoritario usa una fuerza paramilitar, para llevar a cabo sus rencores personales, infligir dolor y violencia, y causar incomodidad a personas que él ve como sus enemigos políticos”. Y el columnista del New York Times, Jamelle Bouie, caracterizó a ICE como una “policía secreta virtual” y un “ejecutor paramilitar del gobierno despótico”. Todo esto plantea un par de preguntas: ¿Qué son los paramilitares? ¿Y es ICE uno de ellos? Te puede interesar:Agentes de ICE en Minnesota reciben nuevas órdenes para no interactuar con ‘agitadores’ Como profesor de gobierno que estudia la vigilancia y las fuerzas de seguridad del Estado, creo que está claro que ICE cumple con muchas, pero no todas, de las definiciones más relevantes. Vale la pena explorar cuáles son y cómo el uso que hace la administración de ICE se compara con la forma en que los paramilitares se han desplegado en otros países. El término paramilitar se utiliza comúnmente de dos maneras. La primera se refiere a fuerzas policiales altamente militarizadas, que son parte oficial de las fuerzas de seguridad de una nación. Normalmente tienen acceso a armamento y equipo de grado militar, están altamente centralizadas con una estructura jerárquica de mando y se despliegan en grandes unidades formadas para llevar a cabo labores policiales internas. Estas “policías paramilitares”, como la Gendarmería francesa, la Fuerza Central de Reserva de India o las Tropas Internas de Rusia, están modeladas según las fuerzas militares regulares. La segunda definición denota grupos armados menos formales y, a menudo, más partidistas que operan fuera del sector de seguridad regular del Estado. A veces estos grupos, como las Autodefensas Unidas de Colombia, surgen de esfuerzos comunitarios de autodefensa; en otros casos, son establecidos por el gobierno o reciben apoyo gubernamental, aunque carezcan de estatus oficial. Los politólogos también llaman a estos grupos “milicias progubernamentales” para reflejar tanto su orientación política a favor del gobierno como su estatus menos formal como fuerza irregular. Normalmente reciben menos entrenamiento que las fuerzas estatales regulares, si es que reciben alguno. Su equipamiento puede variar considerablemente. Los líderes pueden recurrir a estos paramilitares informales o no oficiales porque son más baratos que las fuerzas regulares o porque pueden ayudarlos a evadir la rendición de cuentas por la represión violenta.",Forbes México Staff,Forbes.com.mx
newsapi,En Los Ángeles: la preocupación de Karen Bass por la presencia de extranjeros durante el Mundial 2026,"La alcaldesa de Los Ángeles, Karen Bass, se refirió a la llegada de extranjeros a la ciudad por el Mundial 2026; descubre qué dijo y el pedido que le hizo a Donald Trump.",https://www.lanacion.com.ar/estados-unidos/california/en-los-angeles-la-preocupacion-de-karen-bass-por-la-presencia-de-extranjeros-durante-el-mundial-2026-nid01022026/,https://resizer.glanacion.com/resizer/v2/la-preocupacion-de-karen-bass-y-el-mensaje-de-la-HYNSEBN64JEY5HJILXYI4AJUEY.jpg?auth=cdc2e996bec8915804c7394c7676a2998acd8576ebb92c76216c10d070ae232a&width=1200&quality=70&smart=false&height=800,2026-02-01T19:44:49Z,"A meses del comienzo del Mundial 2026, la alcaldesa de Los Ángeles, Karen Bass, planteó su preocupación con respecto a la llegada de miles de personas de otros países. La mandataria manifestó que los… [+2072 chars]","A meses del comienzo delMundial 2026, laalcaldesa de Los Ángeles, Karen Bass, planteó su preocupación con respecto a la llegada de miles de personas de otros países. La mandatariamanifestó que los extranjeros son bienvenidosy llamó al gobierno deDonald Trumpa hacer lo mismo. La ciudad de California albergará ocho partidos de la cita mundialista. La alcaldesa deLos Ángelesfue consultada durante una charla con medios sobre la posibilidad de que lapolítica migratoria de Estados Unidos afectara la llegada de fanáticos. La pregunta se dio en medio de versiones que sostienen que hay hinchas con miedo a viajar al país norteamericano y otros que optarían por un boicot al torneo. En su respuesta,Basstransmitió tranquilidad. Según consignóReuters, la mandataria se refirió a la postura de la administración Trump durante el Mundial 2026. ""Estoy segura de que no va a interferir con eso, pero creo que ese mensaje también tiene que venir de la Casa Blanca“, manifestó. En esa misma línea, remarcó que los extranjeros son bienvenidos en la ciudad y pidió que el presidente estadounidense tenga esa misma línea discursiva: “Ellos son quienes deben enviar ese mensaje. Yo enviaré el mensaje de que la gente es bienvenida a Los Ángeles”. La próxima edición de laCopa del Mundoestá organizada por EE.UU., México y Canadá en conjunto. Según elcalendario oficialde partidos que publicó la FIFA, estos serán losencuentros que se disputarán en la ciudad: Cada uno de estos choques se jugará en elSoFi Stadium. Además,California albergará otros seis partidos en el Levi’s Stadiumde Santa Clara, que también será sede delSuper Bowl 2026. Mark Pieth, abogado suizo que trabajó con la FIFA en el pasado, fue uno de los impulsores de esta idea, según informóNBC. En un artículo, planteó un escenario dealarma para fanáticos extranjeros. “Al llegar a EE.UU., los aficionados deben saber quesi no complacen a las autoridades migratorias, podrían ser enviados de inmediato al siguiente vuelo de regreso“, indicó. Joseph Blatter, quien fue presidente de la FIFA durante más de 17 años, apoyó estos comentarios en un posteo deX: “Para los aficionados, solo hay un consejo: ¡manténganse alejados de EE.UU.!Creo que Mark Pieth tiene razón al cuestionar este Mundial"".",LA NACION,La Nacion
newsapi,Trump afirma que comenzó a dialogar con la dictadura cubana mientras mantiene la asfixia de crudo sobre la isla,"Últimamente, el jefe de la Casa Blanca tomó medidas para cortar los suministros de petróleo procedentes de Venezuela y México; el régimen castrista denunció que las maniobras apuntan a un ataque a la isla",https://www.lanacion.com.ar/el-mundo/trump-afirma-que-comenzo-a-dialogar-con-la-dictadura-cubana-mientras-mantiene-la-asfixia-de-crudo-nid01022026/,https://resizer.glanacion.com/resizer/v2/trump-presiona-a-diaz-canel-y-busca-4TWK3H5ZDBFZ5CXHCGFWPCEGN4.png?auth=818a308fcdbd1f767f6e5059b10213baadfaac9e31acb4e6e656b1e9f62f5c4a&width=1200&quality=70&smart=false&height=800,2026-02-01T19:38:05Z,"WASHINGTON.- El presidente norteamericano, Donald Trump, afirmó que Estados Unidos estaba comenzando a hablar con los líderes cubanos mientras su gobierno ejerce unamayor presión sobre la isla gobern… [+5404 chars]","WASHINGTON.- El presidente norteamericano,Donald Trump, afirmó que Estados Unidos estaba comenzando a hablar con los líderes cubanosmientras su gobierno ejerce unamayor presiónsobre la islagobernada por comunistas ybloquea suministros clave de petróleo. “Creo que vamos a trabajar en un trato con Cuba. Tenemos una situación que es muy mala para Cuba. No tienen dinero, no tienen petróleo”, afirmó el mandatario estadounidense. “Ellos vivían del dinero y el petróleo de Venezuela, y nada de eso está llegando ahora”, agregó. 🔴Trump: ""Es muy malo para Cuba, no tiene dinero, no tienen petróleo. Vivían de dinero y petróleo de Venezuela y nada de eso virne ahora. Y luego la presidenta de México fue muy buen, le dije: ""no queremos que envíes petróleo allí y ella no está enviando petróleo.""pic.twitter.com/gMz9C8XImx El republicano hizo el comentario a los periodistas anoche mientras volaba hacia Florida. En las últimas semanas, el mandatario ha maniobrado para cortar los suministros depetróleo procedentes de Venezuela y México, y ayer sugirió queeso obligaría a Cuba a sentarse a la mesa de negociaciones. Sus objetivos conCubasiguen siendo poco claros, pero Trump centró más su atención en la isla después de que su gobierno capturara a principios de enero al entonces dictador de Venezuela, Nicolás Maduro, y ha sido más agresivo al confrontar a naciones que son adversarias de Estados Unidos. Trump ha dicho que el gobierno cubano está listo para caery ahora tampoco ofreció detalles sobre el nivel de acercamiento que su gobierno ha tenido recientemente con Cuba o cuándo. Sus recientes movimientos para cortar sus suministros de petróleo presionaron a la isla. El jueves,Trumpdeclaró una “emergencia nacional”por lo que calificó como una “amenaza inusual y extraordinaria” por parte de Cuba debido a sus acciones hostiles, que incluyen, según dijo,permitir que Rusia espíe a Estados Unidos desde su territorioydar la bienvenida a naciones hostiles, como Irán, y a grupos terroristas como Hamas y Hezbollah.Trump no presentó pruebas de ninguna de estas afirmaciones. Washington además sostiene que Cuba comete violaciones sistemáticas de derechos humanos, lo que, según la orden ejecutiva, justifica el uso de herramientas comerciales para proteger la seguridad nacional y la política exterior estadounidense. Trump también firmó una orden ejecutiva para imponer un arancel a cualquier producto de países que vendan o proporcionen petróleo a Cuba.La medida rige bajo el argumento de que “las políticas, prácticas y acciones” del gobierno cubano representan una amenaza para la seguridad nacional de Estados Unidos, acusaciones que La Habana calificó como “una lista extensa de mentiras”. El anuncio se produce en un momento en queCuba yasufre una grave escasez de petróleodespués de que Venezuela, su principal fuente de combustible, suspendiera el envío de buques cisterna tras la extracción de su líder por parte de Estados Unidos.",LA NACION,La Nacion
newsapi,"¿Quién es Damián Alcázar, el reconocido actor polifacético que 'dará vida' a Daniel Arizmendi en la serie ‘El mochaorejas’?","El actor Damián Alcázar se vuelve parte de una ambiciosa producción, en donde se hablará sobre un episodio que marcó a la comunidad mexicana.El caso de Daniel Arizmendi, mejor conocido como 'El Mochaorejas', será expuesto en la pantalla chica con Alcázar como…",https://www.milenio.com/espectaculos/famosos/damian-alcazar-quien-es-actor-interpreta-daniel-arizmendi-mochaorejas,https://cdn.milenio.com/uploads/media/2026/02/01/actor-alcazar-interpretara-daniel-arizmendi.jpg,2026-02-01T18:22:00Z,"El actor Damián Alcázar se vuelve parte de una ambiciosa producción, en donde se hablará sobre un episodio que marcó a la comunidad mexicana.
El caso de Daniel Arizmendi, mejor conocido como 'El Moc… [+2184 chars]","Para ver esta página correctamente, necesitas activar JavaScript en tu navegador. El actorDamián Alcázar se vuelve parte de una ambiciosa producción, en donde se hablará sobre un episodio que marcó a la comunidad mexicana. El caso deDaniel Arizmendi, mejor conocido como 'El Mochaorejas', será expuesto en la pantalla chica con Alcázarcomo protagonista, es decir, será él quien de vida al papel de uno de los delincuentes más famosos. Se trata deuno de los histriones más reconocidosen la industria del entretenimiento nacional por sus grandes interpretaciones en proyectos diversos; sus actuaciones han llegado a ser condecoradas en múltiples ocasiones. Se ha consolidado desde hace años como uno de los personajes más queridospor el talento actoral que posee, lo cual se reflejó con el abanico de premios que le han otorgado a lo largo de toda su trayectoria. Con el tiempo se ganó el respeto del gremio debido a la camaleónica forma de actuar que tiene, porqueha sido desde víctima a villano y esto ha sido ampliamente aplaudidopor la audiencia, como por academias de actuación. Algo que resulta característico del actor es su participación en cintas de crítica social, en dondela sátira política resulta uno de los proyectos favoritos para Alcázar, encontrando una 'mancuerna' perfecta con el director Luis Estrada. En su mayoría los papeles que le han dado deben plasmar el momento exacto en queun hombre puede llegar a corromperse por el podery algunas de las películas más icónicas del famoso han sido las siguientes: ​Alcázar en el ámbito internacional Alcázar ha demostrado tanto talento que traspasó las fronteras, dando paso aofertas laborales fuera de México, en donde ha tenido importantes interpretaciones en proyectos que se volvieron un éxito rotundo.",Karla Vázquez,Milenio
newsapi,‘Prisioneros en casa’: La situación de una familia mexicana bajo las redadas de Trump,Familia mexicana lleva dos meses encerrados en Mineápolis. El miedo a la Operación Metro Surge y al ICE convierte el sueño americano en una pesadilla de puertas blindadas.,https://www.nacion.com/el-mundo/prisioneros-en-casa-la-situacion-de-una-familia/R33MOFZLCRBQLC5GGWG243MWTU/story/,https://www.nacion.com/resizer/v2/55LQ2KGB75HEFKQNOWNBA34HSA.jpg?smart=true&auth=c58648f0fad2922f5761edc3696b0def17049c6596ffbab620b8b7c3c59b97d1&width=1440,2026-02-01T17:55:50Z,"Mineápolis, Estados Unidos. Ana, Carlos y su hijo Luis llevan encerrados en su casa de Mineápolis dos meses, desde que agentes federales comenzaran las redadas para detener a inmigrantes por orden de… [+3840 chars]","‌‌ ‌ ‌ Mineápolis, Estados Unidos.Ana, Carlos y su hijo Luis llevanencerrados en su casa de Mineápolis dos meses,desde queagentes federales comenzaran las redadas para detener a inmigrantespor orden deDonald Trump. Las cortinas de la casa de esta familia mexicana permanecen cerradas todo el día, y la puerta está reforzada con una barra de metalpara evitar que la tiren abajo. Llegaron a esta ciudad del norte de Estados Unidos hace más de una década, pero en las últimas semanas su sueño americano se ha convertido en pesadilla. Mineápolis se ha vuelto el epicentro del descontento de parte de la sociedad contra las política de Trump después de que dos agentes delICE, el controvertido servicio federal de control de inmigración,mataran a tiros a dos manifestantes. “Es inhumano vivir así, como prisionero en su propia casa”,declaró Ana a la AFP utilizando un seudónimo, al igual que su marido y su hijo. Esta madre de 47 años tiene cuatro hijos. Luis se queda encerrado con ella porque nació en México. Los otros tres sonestadounidenses de nacimiento, pero ella se preocupa mucho cada vez que salen de casa.",AFP,Nacion.com
newsapi,"Ante el aumento de la tensión, el papa León XIV urgió al diálogo entre Estados Unidos y Cuba",El Sumo Pontífice respaldó un mensaje de los obispos católicos de la isla que advirtieron que la falta de petróleo podría generar caos social,https://www.lanacion.com.ar/el-mundo/ante-el-aumento-de-la-tension-el-papa-leon-xiv-urgio-al-dialogo-entre-estados-unidos-y-cuba-nid01022026/,https://resizer.glanacion.com/resizer/v2/el-papa-leon-xiv-pidio-dialogo-entre-estados-T34WW45MFFGZTFSS6ZCQ2PVT7I.jpg?auth=5996ddedce0258ab774f25715d92c15e0bb8cf8326763ef94b9633376d4a6808&width=1200&quality=70&smart=false&height=800,2026-02-01T16:13:38Z,"ROMA.- El papa León levantó este domingo su voz para criticar a su país, Estados Unidos, mostrándose preocupado por la escalada del conflicto con Cuba después de que el presidente, Donald Trump, anun… [+4461 chars]","ROMA.-El papa León levantó este domingo su voz paracriticar a su país, Estados Unidos, mostrándose preocupado por la escalada del conflicto con Cuba después de que el presidente, Donald Trump, anunció el jueves último que le impondrá aranceles a quienes le vendan petróleo a la isla comunista. La administración de Trump aseguró que se trata de una medida para “proteger la seguridad nacional y la política exterior de acciones malignas del régimen cubano” y acusó al gobierno de Miguel Díaz-Canel de apoyar a“actores hostiles, terrorismo e inestabilidad regional”. Al aparecer al mediodía romano para la tradicional oración mariana delÁngelus, León, el primer papa estadounidense, se refirió a este nuevo foco de conflicto abierto por el inquilino de la Casa Blanca. “He recibido congran preocupaciónnoticias sobre un aumento de las tensiones entre Cuba y los Estados Unidos de América, dos países vecinos”, dijo el Pontífice, desde la ventana de su despacho del tercer piso del Palacio Apostólico. “Me uno al mensaje de los obispos cubanos, invitando a todos los responsables a promover un diálogo sincero y eficaz, para evitar la violencia y cualquier acción que pueda aumentar el sufrimiento del querido pueblo cubano”, agregó, ante miles de fieles que lo escuchaban en la Plaza de San Pedro. “¡Que la Virgen de la Caridad del Cobre asista y proteja a todos los hijos de esa amada tierra!”, exhortó también. He recibido con gran preocupación noticias sobre un aumento de las tensiones entre Cuba y los Estados Unidos de América, dos países vecinos. Me uno al mensaje de los obispos cubanos, invitando a todos los responsables a promover un diálogo sincero y eficaz, para evitar la… El Papa aludió almensajeque los obispos católicos de Cuba dirigieron en la víspera a “todos los cubanos de buena voluntad”, en el cual, al margen de reiterar que es necesario “un cambio de rumbo” en su castigado país, denunciaron el recrudecimiento del conflicto y la última movida de Trump. “La eliminación de toda posibilidad de que entre petróleo al país disparan las alarmas, especialmente para los menos favorecidos”, dijeron. “El riesgo de uncaos social y de violenciaentre los hijos de un mismo pueblo es real. Ningún cubano de buena voluntad se alegraría de ello”, advirtieron. “Cuba necesita cambios y son cada vez más urgentes, pero no necesita para nada más angustias ni dolor. No más sangre ni más lutos en las familias cubanas. ¡Demasiado hemos tenido en nuestra historia reciente!”, clamaron asimismo. “Queremos y anhelamos una Cuba renovada, próspera y feliz, pero sin aumentar el sufrimiento de los pobres, de los ancianos, de los enfermos, de los niños cubanos”, añadieron. Los obispos destacaron, además, que “la postura invariable del Papa y de la Santa Sede, coherentes con el Derecho Internacional, es que los gobiernos deberían poder resolver sus desavenencias y conflictos a través del diálogo y la diplomacia,no la coerción ni la guerra”. “Porque los hombres, hablando, se entienden. Y siempre que exista buena voluntad, es posible encontrar vías para solucionar los conflictos y buscar el triunfo de la verdad y el bien, de la justicia, el amor y la libertad”, subrayaron. En este marco, manifestaron su disponibilidad “para, si así se lo solicitaran, contribuir a rebajar el tono a las hostilidades entre partes y crear espacios de fecunda colaboración en orden al bien común”. Después de la captura del dictador venezolano Nicolás Maduro, a principios de enero, Trump puso bajo control estadounidense el sector petrolero de Venezuela,que desde los años 2000 ha sido el principal proveedor de petróleo de Cuba.",Elisabetta Piqué,La Nacion
newsapi,Trump dice que EE.UU. “empieza a hablar con Cuba” mientras usa el petróleo para presionar a la isla,"“No tiene por qué haber una crisis humanitaria. Creo que probablemente vendrán a nosotros y querrían hacer un trato. Así que Cuba volverá a ser libre. Vendrán a nosotros y harán un trato"", aseguró el mandatario estadounidense.",https://www.latercera.com/mundo/noticia/trump-dice-que-eeuu-empieza-a-hablar-con-cuba-mientras-usa-el-petroleo-para-presionar-a-la-isla/,https://www.latercera.com/resizer/v2/5BCB7ZP5OPCS65ERVWXTAVAMJU.jpg?auth=6cd2ccf2d606c9c7e995f4b286805f93329a1ad30478b6a682d3fd624631d87d&height=630&width=1200&smart=true,2026-02-01T15:03:03Z,"El 4 de enero pasado, un día después de la captura de Nicolás Maduro en Venezuela, el presidente de Estados Unidos, Donad Trump, aseguró que Cuba estaba a punto de caer, apuntando que su economía -de… [+13827 chars]","El 4 de enero pasado, un día después de la captura de Nicolás Maduro en Venezuela, el presidente de Estados Unidos, Donad Trump, aseguró que Cuba estaba “a punto de caer”, apuntando que su economía -devastada por años de embargo estadounidense y mala gestión interna- se encontraba en la ruina, escenario que se vería empeorado porque ahora no tendría acceso al petróleo venezolano, tras el ataque contra Caracas. Trump apuesta a que La Habana haga un “trato” y que “Cuba vuelva a ser libre”https://t.co/JXJjfQOMfE👉🏻El presidente de EE UU endurece las sanciones petroleras y descarta una crisis humanitaria Un mes después, la situación de la isla no hace más que empeorar. Trump aumentó aún más la presión sobre el gobierno de Cuba el jueves al firmar una orden ejecutiva que amenaza con imponer aranceles adicionales a los países que le suministren petróleo a La Habana. En ese escenario, la falta de combustible y las averías en las plantas de generación han llevado al sistema eléctrico a su nivel más crítico. Muestra de ello es que este sábado el 63% de Cuba se quedó sin luz, el porcentaje más alto registrado hasta ahora, según consigna el medio local 14ymedio. 🇺🇸💬🇨🇺 Trump Declares “National Emergency,” Targets Countries Supplying Oil to Cuba with New Tariff SystemFull Statement:CONFRONTING THE CUBAN REGIME: Today, President Donald J. Trump signed an Executive Order declaring a national emergency and establishing a process to…pic.twitter.com/tlENUVra7X Mientras Washington sigue estrangulando el suministro de petróleo a la isla, este sábado Trump dijo que “estamos empezando a hablar con Cuba”, si ofrecer detalles sobre el nivel de acercamiento que su administración ha tenido con el gobierno del presidente Miguel Díaz-Canel recientemente ni cuándo. El republicano dio estas declaraciones a bordo del Air Force One cuando la prensa lo cuestionó por las palabras de la presidenta mexicana, Claudia Sheinbaum, quien advirtió que cortar el suministro de crudo a Cuba provocará una crisis humanitaria y dijo que buscaría alternativas para seguir ayudando a Cuba. Según Sheinbaum, los envíos de petróleo a Cuba representan menos del 1% de lo que produce México. “Se utiliza en plantas de energía eléctrica porque imaginemos que no haya electricidad, pues afecta a hospitales y a refrigeradores. Se trata de evitar una crisis humanitaria”, apuntó. “No tiene por qué haber una crisis humanitaria. Creo que probablemente vendrán a nosotros y querrían hacer un trato. Así que Cuba volverá a ser libre. Vendrán a nosotros y harán un trato”, aseguró el mandatario estadounidense. Estados Unidos impondrá aranceles a bienes de países que vendan petróleo a Cubahttps://t.co/fLebNFt8Dk👉🏻Según la medida, se podrá imponer un gravamen adicional a las importaciones de productos de naciones extranjeras que, ""directa o indirectamente"", vendan o suministren crudo… Trump subrayó que Cuba está en “una situación muy mala”, porque “vivían del dinero y del petróleo de Venezuela, pero nada de esto está llegando” desde que Estados Unidos capturó a Nicolás Maduro el pasado 3 de enero. También agregó que Sheinbaum fue “muy buena” porque, según dijo, le pidió que México también dejara de enviar crudo a la isla y ella accedió. “Dije: ‘Mire, no queremos que envíe petróleo ahora’. Y no está enviando petróleo”, indicó. Este mismo sábado, el canciller mexicano, Juan Ramón de la Fuente, remarcó que continuará mandando ayuda a aquellos países que lo necesiten. “No aceptamos que no haya ayuda humanitaria cuando algún país del mundo lo requiere. Y lo vamos a seguir ejerciendo porque además este es el mecanismo que nos permite mantener vivo el diálogo”, confirmó.",Fernando Fuentes,Latercera.com
newsapi,"Gabriel Regueira: el relator inicia nueva etapa tras su salida de Carve Deportiva: ""Fue un baldazo de agua fría""","El periodista deportivo debuta como cabeza de las transmisiones de Radio Nacional CX 30 con ""Somos fútbol"", su nueva marca luego de varios años en la 1010.",https://www.elpais.com.uy/sabado-show/gabriel-regueira-el-relator-inicia-nueva-etapa-tras-su-salida-de-carve-deportiva-fue-un-baldazo-de-agua-fria,https://imgs.elpais.com.uy/dims4/default/868ce06/2147483647/strip/true/crop/1152x560+0+21/resize/1440x700!/quality/90/?url=https%3A%2F%2Fel-pais-uruguay-production-web.s3.us-east-1.amazonaws.com%2Fbrightspot%2F94%2F43%2Fe5183e5c443a988cdf7071ee696f%2Fgabriel-regueira.png,2026-02-01T14:30:46Z,"Redacción El País.A los 44 años, Gabriel Regueira inicia una nueva etapa profesional. Tras cerrar su ciclo en Carve Deportiva, el relator y periodista deportivo debuta este domingo como cabeza de equ… [+5442 chars]",Texto no disponible,Miguel Bardesio,Diario EL PAIS Uruguay
newsapi,"TikTok: donde Guatemala vende, opina y hace política","TikTok nació como una red social enfocada en videos breves de entretenimiento, creada en China en septiembre de 2016. Sin embargo, con el paso del tiempo tomó diferentes enfoques. En Guatemala, se transformó en una vitrina de servicios y productos. Según el e…",https://republica.com/actualidad/tiktok-donde-guatemala-vende-opina-y-hace-politica-2026218024,https://cdn.republica.com/012026/1769911130625.jpg?&cw=600&ch=365,2026-02-01T14:00:24Z,"TikTok nació como una red social enfocada en videos breves de entretenimiento, creada en China en septiembre de 2016. Sin embargo, con el paso del tiempo tomó diferentes enfoques. En Guatemala, se tr… [+4156 chars]","TikTok naciócomo una red social enfocada en videos breves de entretenimiento, creada en China en septiembre de 2016. Sin embargo, con el paso del tiempo tomó diferentes enfoques. En Guatemala, se transformó en una vitrina de servicios y productos. Según el estudio Uso de Internet y Redes Sociales en Guatemala 2025, el país tiene una penetración del 64.7 % en redes sociales. TikTok está presente entre las plataformas más usadas, junto con Facebook e Instagram. Otro análisis de redes, We Are Social, indicó que hasta finales de 2024 existían 9.11 millones de usuarios en la red social china. Una vitrina para vender productos TikTok no solo es un canal de entretenimiento. Existen cuentas personales y de pequeñas empresas que lo utilizan para mostrar sus productos. Muchos emprendedores publican videos donde exhiben ropa usada —también conocida como ropa de segunda mano—, accesorios, zapatos o artículos de moda. Escriben precios y formas de contacto en las mismas publicaciones. Las transmisiones “en vivo” son otra forma de exponer sus ofertas. La dinámica de comercio es funcional: un video corto muestra el artículo y luego los interesados envían mensajes directos para cerrar la venta. Aunque no existen datos oficiales sobre el volumen de estas ventas, la tendencia forma parte de un fenómeno mayor conocido como social commerce, que combina redes sociales con el comercio electrónico. El uso de TikTok para vender ropa usada también se observa en ejemplos de vendedores que destacan tallas, calidad y estilo de las prendas en videos con música popular. Muchos de estos perfiles comparten testimonios y reseñas de clientes. La intención es generar confianza entre compradores potenciales. Otros usan hashtags como #TienditaGuate o #RopaGT para posicionar sus publicaciones. Este tipo de comercio ha generado oportunidades económicas para jóvenes y madres de familia que no tienen acceso a un local físico. TikTok se convierte así en una tienda digital sin costos de alquiler. Varios emprendedores logran ventas repetidas incluso fuera del país. Desde el extranjero pagan, y la ropa se entrega a familiares dentro de Guatemala. Servicios informales y profesionales Además de productos, TikTok sirve para ofrecer servicios. Profesionales y no profesionales promocionan consultorías, fotografías, clases de idiomas, asesorías de belleza y rutinas de ejercicio. Muchos creadores explican en videos breves qué ofrecen, cómo trabajan y qué resultados han logrado con otros clientes. Al mismo tiempo, existen ofertas menos convencionales y no reguladas. Por ejemplo, algunos perfiles prometen trabajos espirituales como magia blanca o negra. También se promocionan limpiezas espirituales, curaciones o rituales mágicos. Estos se venden a través de TikTok con testimonios e imágenes simbólicas. Los viajes ilegales a EE. UU. no son la excepción. Varios coyotes ofrecen la migración a costos que superan los GTQ 150 000. En sus cuentas se promocionan con testimonios de guatemaltecos radicados en la unión americana.",Gérman Gómez,Republica.com
newsapi,La historia del ‘Mauriciosaurio’ Fernández: ¿Cómo un político mexicano terminó con su propio dinosaurio?,"Conoce la historia del Mauriciosaurus fernandezi, un fósil marino descubierto en Vallecillo, Nuevo León, y nombrado en honor al político mexicano Mauricio Fernández.",https://www.elfinanciero.com.mx/estados/2026/02/01/la-historia-del-mauriciosaurio-fernandez-como-un-politico-mexicano-termino-con-su-propio-dinosaurio/,https://www.elfinanciero.com.mx/resizer/v2/Q62VHSELPBFA7C4ADBS6FRID3Y.jpeg?smart=true&auth=7588bed2c4d8d10ee8e9707877f51f05b03e1920bb2e69ab069833fe8cfbe0a4&width=1200&height=630,2026-02-01T14:00:00Z,"Dicen que México es mejor que la inteligencia artificial. Un ejemplo perfecto de esto es la historia del Mauriciosaurus fernandezi, un fósil de dinosaurio marino que, curiosamente, lleva el nombre de… [+6272 chars]","Dicen que México es mejor que la inteligencia artificial. Un ejemplo perfecto de esto es lahistoria delMauriciosaurus fernandezi, un fósil de dinosaurio marino que, curiosamente, lleva el nombre delpolítico mexicano Mauricio Fernández Garza. El caso es tan bizarro como fascinante. Todo comenzó en 2011, en la finca La Milarca, cuando el entoncesalcalde de San Pedro Garza García, actualmente ya fallecido, presentó los restos de unfósil de unos 93 millones de añoshallado enVallecillo,Nuevo León. Vallecillo, en el noreste del país, es conocido por ser un verdaderotesoro paleontológico, pero lo que se encontró aquel día era algo sin precedentes. Tras el análisis de especialistas, se determinó que losrestos fósilespertenecían a un nuevo género deplesiosauroide policotílifo: un reptil marino que nadó en los mares delCretácico tardío. Así lo documentó unartículo publicado en el Boletín de la Sociedad Geológica Mexicana. El inédito descubrimiento recibió el nombre científico deMauriciosaurus fernandezien honor al político y empresario mexicanoMauricio Fernández Garza, cuyo apoyo constante alproyecto paleontológico de Vallecilloy su pasión de toda la vida por la paleontología fueron fundamentales para el hallazgo. Lo que hace único alMauriciosaurus fernandezino es solo que lleve el nombre de un político mexicano, sino que se trata de uno de losfósiles marinosmejor conservados que se han encontrado en México. El fósil, que data de hace unos 93 millones de años, sorprendió a los científicos no solo por su antigüedad, sino porque estaba prácticamente completo: Conserva cráneo, columna, extremidades y hasta rastros detejidos blandos, algo extremadamente raro en la paleontología. “Tuvimos una suerte enorme,tenemos el plesiosaurio más completo del mundo, con la preservación de su piel y muchas partes blandas, es muy impresionante y, por primera vez en el mundo, podemos describir las escamas de un plesiosaurio. Es algo muy especial y único en el mundo”, destacó el doctorEberhard Frey, uno de los investigadores alemanes que participó en el proyecto, en unartículo de la Agencia Iberoamericana para la Difusión de la Ciencia y la Tecnología (dicyt) de 2017. Frey destacó el gran parecido delMauriciosaurus fernandezicon lastortugas marinas, e incluso dijo creer que este tipo de plesiosaurio podía nadar mucho más rápido que los otros. Tampoco descartó que en la misma cantera de Vallecillo se encuentren otros animales que sean nuevos para la ciencia. Mauricio Fernández, quien patrocinó y facilitó la excavación, presumía de tener una ampliacolección de fósiles de dinosaurioen su hogar y constantemente compartía videos en su cuenta de Facebook mostrando sus “tesoros”. Incluso en una ocasión aseguró tenercerca de 50 especies nuevas.",Brenda Nairobi Aguilar,El Financiero
newsapi,Elecciones 2026: Keylor Navas entra a la arena política desde sus redes sociales,El arquero costarricense Keylor Navas preguntó a sus seguidores en redes sociales quién,https://www.nacion.com/politica/elecciones-2026-keylor-navas-entra-a-la-arena/MV5ZYOZ5RRBYNOGDDQPVZMQXEE/story/,https://www.nacion.com/resizer/v2/WXCIQLN4UNECJGFAJP36UHSNAE.png?smart=true&auth=f556e895ccd75503791ea945ad54aaa38e6c820d303b1881160a82c0f3a1ecfa&width=1440,2026-02-01T13:52:15Z,"El guardameta costarricense Keylor Navas decidió adentrarse en el mundo de la política en estas elecciones 2026 a través de sus redes sociales.
El arquero, que milita actualmente en el Pumas de Méxi… [+1726 chars]","‌‌ ‌ ‌ El guardameta costarricenseKeylor Navasdecidió adentrarse en el mundo de la política en estaselecciones 2026a través de sus redes sociales. El arquero, que milita actualmente en elPumas de México, realizó un sondeo con sus seguidores en sus redes sociales de Instagram y Facebook con una pregunta: “-¿Quién ganará mañana?""(la publicación se hizo sábado en la noche). Sin embargo, aunque la papeleta real cuenta con 20 opciones, Keylor solo incluyó cuatro candidatos en su “encuesta” informal, en el siguiente orden: En un corte hecho a primera hora del domingo, y desafiando la prohibición del Tribunal Supremo de Elecciones (TSE) de divulgar encuestas, los resultados de la urna de Navas mostraban resultados dispares: en Facebook Laura Fernández se iba imponiendo, mientras que en Instagram Ramos era el ganador con amplia diferencia. El posteo no incluye la explicación de cómo escogióesas candidaturas, ni algún otro detalle adicional. Parece ser solo una forma de involucrarse en el proceso electoral al que están convocados a participar todos los costarricenses. En todo caso, es muy poco probable que el Halcón pueda ejercer su voto esta jornada, debido a que está registrado como elector en Madrid, lacapital de España, donde jugó por varios años con el Real Madrid.",Esteban Valverde,Nacion.com
newsapi,"La historia de Yoli, el refresco que creó la frase ‘se le botó la canica’ que ahora es ‘primo’ de la Coca","Esta es la historia del refresco Yoli: cómo nació en Guerrero, creó la frase “se le botó la canica” y terminó como parte de Coca-Cola FEMSA.",https://www.elfinanciero.com.mx/food-and-drink/2026/02/01/la-historia-de-yoli-el-refresco-que-creo-la-frase-se-le-boto-la-canica-que-ahora-es-primo-de-la-coca/,https://www.elfinanciero.com.mx/resizer/v2/U2LLU7K6KBBCJJAIJIZA65SSUE.png?smart=true&auth=15b3944627da4524e6e7df8834b9acc64e1f2e165cab8bbb9b039311ff3e6cf2&width=1200&height=630,2026-02-01T13:30:00Z,"Hace 108 años, a don Manuel Castrejón Gómez se le botó la canica. Tomó unos limones y les ralló la cáscara. Los exprimió y puso a hervir el jugo con azúcar. Luego mezcló todo. Tras enfriar la mezcola… [+5576 chars]","Hace 108 años,a don Manuel Castrejón Gómez ‘se le botó la canica’. Tomó unos limones y les ralló la cáscara. Los exprimió y puso a hervir el jugo con azúcar. Luego mezcló todo. Tras enfriar la mezcolanza, comenzó a decir “salud” y a disfrutar, mejor dicho, a escribir lahistoria del refresco Yoli, el ‘primo mexicano’ de la Coca Cola. Después de comprobar que la mezcla tenía buen sabor, don Manuel, quien tenía experiencia como vendedor de jabones y como dueño de dos minas, y su esposa, Doña Conchita Diez, fundaron lafábrica de bebidas La Vencedora, en 1918, época en la que los refrescos coqueteaban con el paladar mexicano, tras lallegada de la Coca-Cola a México. Siete años más tarde, La Vencedora ‘desbordó’ las empinadas calles de su natalTaxcoy llegó hasta Iguala. Después, esa marca de refrescos conquistó Acapulco y se convirtió en un clásico de Guerrero, tan conocido como los clavadistas de La Quebrada. Esta es lahistoria de Yoli, el refresco sabor limón, que puso de moda una frase y compitió con grandes marcas hasta ser parte de una de ellas. La biografía de Yoli comienza unos 30 años antes de la aparición deJarritos del Sur, la refresquera que destapó la millonaria carrera de Carlos Slim. Don Manuel deseaba crear una bebida que tuviera un sabor característico de Guerrero. Fue así que tomó los limones y experimentó hasta dar con la ‘receta secreta’. Primero lo llamó La Vencedora. Sin embargo, para 1933, ya con dos hijos, Jaime y Yolanda, don Manuel y doña Conchita rebautizaron a su ‘tercer hijo’ como Yoli. Su bebida fue tan refrescante que incluso dio origen a una frase debido a la forma en la que destapaban las botellas. Losprimeros envases de Yolise sellaban con una canica de vidrio, colocada en la parte superior, y con brea. Quienes deseaban probar la bebida debían agitar la botella y dejar que el gas aumentara la presión para que la canica saliera disparada. Asísurgió la frase de “se le botó la canica”. Dos décadas después de su creación, la familia vendió la primera franquicia de Yoli aCoca-Cola, según indica el medioEl Sol de Acapulco. La medida tenía como objetivo crecer el mercado de la marca.",Redacción,El Financiero
newsapi,Por qué América Latina ha sido el territorio ideal para imaginar y crear utopías (y casi todas terminaron mal),"Casi desde el momento mismo de la llegada de los conquistadores españoles, nuestra región se convirtió en territorio fértil para las utopías. Y todavía ocurre. En esta entrevista exploramos por qué.",https://www.bbc.com/mundo/articles/cre21lezpr4o,https://ichef.bbci.co.uk/news/1024/branded_mundo/d4db/live/9255c100-fb59-11f0-80ad-435009e66207.jpg,2026-02-01T13:28:42Z,"Fuente de la imagen, Federico Guzmán
Pie de foto, Entre las muchas utopías que se han tratado de construir en América Latina, Federico Guzmán escogió siete muy simbólicas.
Información del artículo… [+17093 chars]","Fuente de la imagen,Getty Images La utopía es una espada de doble filo que ha pendido sobre América desde que el resto del mundo -en especial Europa- es consciente de su existencia. Empezó con los sueños desaforados de los conquistadores españoles, que imaginaron -y buscaron- en nuestra región lugares como la mítica fuente de la eterna juventud y la espléndida ciudad de El Dorado. En 1516 el inglés Tomás Moro le dio validez política y filosófica al publicar su libro ""Utopía"", sobre una isla ubicada en América con lo que, para él, constituía el régimen político y social perfecto. Desde entonces y a través de los siglos, nuestro continente, y en especial América Latina y el Caribe, ha sido una especie de lienzo en blanco para imaginar y realizar todo tipo de experimentos políticos y sociales, algunos propios, pero la mayoría ajenos. El escritor mexicano Federico Guzmán Rubio (Ciudad de México, 1977) decidió visitar siete lugares latinoamericanos donde, desde el siglo XVI hasta nuestra época, se trataron de implantar utopías. El resultado es su libro ""Si hay tal lugar, viaje a las ruinas de las utopías latinoamericanas"" (el título es un juego con la traducción original del poeta español Francisco Quevedo de la palabra utopía como ""no hay tal lugar""). ¿Qué sobrevive de tales lugares? De eso hablamos con Federico Guzmán con motivo del Hay Festival de Cartagena. Pero primero, hagamos un resumen… Final de Más leídas",https://www.facebook.com/bbcnews,BBC News
newsapi,"Lista COMPLETA de GANADORES Sorteo Zodiaco No. 1733 de Lotería Nacional, HOY domingo 1 de FEBRERO",Hoy es día de Sorteo Zodiaco No. 1733 en la Lotería Nacional; TRIBUNA te presenta la lista COMPLETA de ganadores de este domingo 1 de febrero de 2026,https://www.tribuna.com.mx/mexico/2026/2/1/lista-completa-de-ganadores-sorteo-zodiaco-no-1733-de-loteria-nacional-hoy-domingo-de-febrero-428293.html,https://www.tribuna.com.mx/u/fotografias/m/2026/2/1/f1280x720-490516_622191_5050.png,2026-02-01T12:00:00Z,"Ciudad de México.- Hoy es domingo de Sorteo Zodiaco en la Lotería Nacional y si tú, al igual que millones de mexicanos, estás concursando, TRIBUNA trae para ti la lista completa de ganadores de este … [+2491 chars]","Ciudad de México.-Hoy es domingo de Sorteo Zodiaco en laLotería Nacionaly si tú, al igual que millones de mexicanos, estás concursando,TRIBUNAtrae para ti la lista completa de ganadores de este1 de febrero de 2026. Hoy se celebra el Sorteo Zodiaco No. 1733, que hace alusión a la celebración de los 50 años de laProcuraduría Federal del Consumidor(Profeco). Aquí todos los detalles. Para esta edición delSorteo Zodiaco No. 1733se emitieron 120 mil boletos, cuyos números van del 00000 al 9999, por cada uno de los 12 signos del zodiaco, y se juega en una serie; aquí los resultados. Hay que recordar que el próximodomingo 8 de febrerode 2026se realizará el Sorteo Zodiaco número 1734. uD83DuDC68uD83CuDFFE?uD83DuDCBB ¿Tienes dudas o algún inconveniente?Escríbenos fácilmente a través del formulario disponible en uD83DuDC49https://t.co/T1aQNOCIZ4¡Con gusto te ayudamos!pic.twitter.com/6MyTOmZYj5 ""En el marco de su 50 aniversario, laProfecorecibió un reconocimiento especial de la Lotería Nacional con el billete del Sorteo Zodiaco No. 1733, que destaca su papel como pilar de la democracia económica y garante de los derechos de las personas consumidoras en México"", señala el boletín de la Lotería Nacional. La directora general de Lotería Nacional,Olivia Salomón, resaltó que esta conmemoración refleja la política pública del gobierno de la presidentaClaudia Sheinbaum, centrada en la defensa de la economía familiar y en mercados justos y transparentes. Subrayó que la Profeco es hoy unainstitución cercana, proactiva y sensible, consciente de que detrás de cada queja hay una familia y un ingreso que proteger. GEMINIS 5175 GEMINIS 9584 PISCIS 8265 GEMINIS 3920Quinto premio: 176,000 pesosTAURO 9960Sexto premio: 88,000 pesosACUARIO 0615Séptimo premio: 88,000 pesosESCORPION 5860Octavo premio: 61,600 pesosTAURO 4550Noveno premio: 61,600 pesosESCORPION 5720Décimo premio: 52,800 pesosPISCIS 1055Decimoprimero premio: 52,800 pesosVIRGO 4733Decimosegundo premio: 44,000 pesosARIES 1967Decimotercer premio: 44,000 pesosARIES 8743Decimocuarto premio: 44,000 pesosPISCIS 8830Decimoquinto premio: 35,200 pesosPISCIS 9031Decimosexto premio: 35,200 pesosACUARIO 6144Decimoséptimo premio: 35,200 pesosESCORPION 1326Decimoctavo premio: 26,400 pesosARIES 2917Decimonoveno premio: 26,400 pesosLIBRA 4679Vigésimo premio: 26,400 pesosCANCER 9469Vigésimo primer premio: 26,400 pesosTAURO 0454Fuente: Tribuna del Yaqui TAURO 9960Sexto premio: 88,000 pesosACUARIO 0615Séptimo premio: 88,000 pesosESCORPION 5860Octavo premio: 61,600 pesosTAURO 4550Noveno premio: 61,600 pesosESCORPION 5720Décimo premio: 52,800 pesosPISCIS 1055Decimoprimero premio: 52,800 pesosVIRGO 4733Decimosegundo premio: 44,000 pesosARIES 1967Decimotercer premio: 44,000 pesosARIES 8743Decimocuarto premio: 44,000 pesosPISCIS 8830Decimoquinto premio: 35,200 pesosPISCIS 9031Decimosexto premio: 35,200 pesosACUARIO 6144Decimoséptimo premio: 35,200 pesosESCORPION 1326Decimoctavo premio: 26,400 pesosARIES 2917Decimonoveno premio: 26,400 pesosLIBRA 4679Vigésimo premio: 26,400 pesosCANCER 9469Vigésimo primer premio: 26,400 pesosTAURO 0454Fuente: Tribuna del Yaqui",Alejandra Avalos,Tribuna.com.mx
newsapi,“Me considero un hombre de tendencia socialista y de ánimo anarquista”: Guillermo Fadanelli,El escritor mexicano publica su nueva novela ‘Fango’.,https://aristeguinoticias.com/0102/cultura/me-considero-un-hombre-de-tendencia-socialista-y-de-animo-anarquista-guillermo-fadanelli/,https://editorial.aristeguinoticias.com/wp-content/uploads/2026/01/nota-fadanelli-uno.jpg,2026-02-01T11:40:38Z,"Por Héctor González
Vuelve Benito Torrentera, aquel memorable personaje que hizo de Lodo, una de las ficciones más reconocidas de Guillermo Fadanelli.
Fue a partir de la curiosidad que el escritor … [+9046 chars]","El escritor mexicano publica su nueva novela ‘Fango’. Por Héctor González VuelveBenito Torrentera, aquel memorable personaje que hizo deLodo, una de las ficciones más reconocidas deGuillermo Fadanelli. Fue a partir de la curiosidad que el escritor decidió retomarlo 24 años para lo que ahora esFango(Penguin Random House), una nueva novela que encuentra en su protagonista a una especie de antihéroe capaz de hacer hasta lo imposible por lo que considera justo, a pesar de que ya sabe lo que es pisar la cárcel. “Torrentera y yo como autor, tenemos mucho en común, pero esto no quiere decir que yo sea él”, advierte Fadanelli, durante una entrevista donde también hace un recuento de batallas ganadas y perdidas. Le dedicasFangoa Arnoldo Kraus, ¿por qué? Era un filósofo de la bioética, un escritor de ficciones y ensayista, pero sobre todo era un gran amigo. Además, era basquetbolista como yo lo fui durante quince o veinte años. Nos unió una extraña amistad. Nos veíamos poco, pero siempre fue generoso conmigo. Nunca me cobraba las consultas. Lo único malo de ir a su consultorio es que como era un gran conversador, charlaba 55 minutos y los últimos cinco se dedicaba a revisarme. También éramos presentadores de nuestros respectivos libros. ¿En literatura eran afines? No, él siempre estuvo muy atento a la tragedia que vivió su madre y su familia judía en los tiempos del fascismo alemán y rememoraba a menudo el Holocausto. Escribía ficciones un tanto biográficas, tenía colaboración cercana con Vicente Rojo, con quien hizo varios libros. En su casa conocí a Manuel Felguérez y Carlos Payán, entre otras personalidades de la cultura. Quizá los unía una reflexión ética sobre el presente.",Redacción AN / HG,Aristeguinoticias.com
newsapi,Elecciones 2026: Costa Rica asiste a las urnas con el gran reto de disminuir el abstencionismo,Más de 3 millones de costarricenses son llamados a escoger entre 20 aspirantes a ocupar la silla presidencial por los siguientes cuatro años.,https://www.nacion.com/politica/elecciones-2026-costa-rica-asiste-a-las-urnas-con/DTWNAPTXB5B2HKP7U34WGEYZLQ/story/,https://www.nacion.com/resizer/v2/BTAKF3KE3NFWPHKFVWYUAAZETM.jpg?smart=true&auth=0c67a93dd767c41588e32a1244f9b55def621aff2ed9be57d8251322e8656d45&width=1440,2026-02-01T11:00:00Z,"La población costarricense celebra una vez más la fiesta democrática en las elecciones presidenciales y legislativas de este domingo.
Un total de 3.731.788 personas están llamadas a las urnas, lo qu… [+5537 chars]","‌‌ ‌ ‌ La población costarricense celebra una vez más la fiesta democráticaen las elecciones presidenciales y legislativas de este domingo. Un total de3.731.788 personasestán llamadas a las urnas, lo que representa un aumento del 4,3% con respecto a hace cuatro años, y en la papeleta encontrarán20 candidatosque pretenden ocupar la silla presidencial de Zapote del 8 de mayo próximo al 8 de mayo del 2030. El Tribunal Supremo de Elecciones (TSE) imprimióuna papeleta por votante para presidenciay vicepresidencias, y3.664.518 para diputaciones(una cantidad menor, porque el voto en el extranjero no elige congresistas), para un total de7.396.306papeletas. Losprimeros resultados provisionales se darán a conocer este mismo domingo a las 8:45 p. m.Esto incluye información de 7.154 juntas receptoras de votos (JRV) en 2.103 centros de votación. Como lo establece el artículo 138 de la Constitución Política,quien obtenga un 40% de losvotos válidosganará la presidencia de la República. Los sufragios en blanco y nulos, aunque cuentan para la estadística de votos emitidos,no se suman entre los votos válidos y, por lo tanto, no influyen en el umbral del 40%. Si nadie alcanza ese porcentaje, el domingo 5 de abril, el TSE abrirá las urnas otra vez para escoger al nuevo mandatario entre las dos opciones más votadas, escenario que ha ocurrido cuatro veces en la historia de Costa Rica y, de forma consecutiva, en los tres últimos comicios. En orden de aparición en la papeleta, los aspirantes son:",Yeryis Salas,Nacion.com
newsapi,"Las cosas que no sabías de Jared Kushner, el 'yernísimo' de Trump que se relame con Oriente Medio","<![CDATA[<p>Cuando Donald Trump regresó a la presidencia de Estados Unidos hace un año, una ausencia destacaba en su nuevo equipo. ¿Dónde estaba su yernísimo, Jared Kushner, ese al que llamaba ""mi estrella"" o el ""chico maravilla""? El esposo de Ivanka no estab…",https://www.huffingtonpost.es/global/las-cosas-sabias-jared-kushner-yernisimo-trump-quiere-manejar-oriente-medio-f202602.html,https://img2.huffingtonpost.es/files/og_thumbnail/uploads/2026/01/29/jared-kushner-observa-a-la-prensa-tras-una-cumbre-de-la-coalicion-de-voluntarios-sobre-ucrania-en-el-palacio-de-el-eliseo-en-paris-el-6-de-enero-de-2026.jpeg,2026-02-01T10:31:36Z,"Cuando Donald Trump regresó a la presidencia de Estados Unidos hace un año, una ausencia destacaba en su nuevo equipo. ¿Dónde estaba su yernísimo, Jared Kushner, ese al que llamaba ""mi estrella"" o el… [+17343 chars]","CuandoDonald Trumpregresó a la presidencia de Estados Unidoshace un año, una ausencia destacaba en su nuevo equipo. ¿Dónde estaba suyernísimo,Jared Kushner, ese al que llamaba ""mi estrella"" o el ""chico maravilla""? El esposo de Ivanka no estaba entre sus asesores, cuando en su primer mandato fue ""consejero superior"" o ""especial"", algo grandilocuente y poco concreto que lo convertía en hombre para todo. No, no se había enfadado con él. Bueno, quizá algo, porque parece queacabaron los cuatro años en común un poco cansados el uno del otro, entre exigencias y rendimientos no esperados. Pero, al fin, es familia y le ha reservado otra tarea. Con las semanas, se vio que Kushner empezaba a aparecer por la Casa Blanca ocasionalmente y su nombre surgía junto al deSteve Witkoff, el amigo íntimo de Trump convertido ensuperenviadode paz, un empresario sin experiencia diplomática a quien se le ordenó negociar en Ucrania y en Gaza. Nadie sabía qué cargo asignar a Kushner, en calidad de qué viajaba y hablaba con Emmanuel Macron o Benjamin Netanyahu. No ha hecho falta darle un cargo. Sigue mandando, sólo que sin la vorágine de la legislatura inicial. Sin salario público, aunque con gastos pagados, claro, este empresario -que es lo único que podemos decir con seguridad que es-, elude así la vida en Washington, que aprendió a odiar, pero está para aconsejar, proponer y manejar algunas de las apuestas esenciales de su suegro en materia de política exterior. De nuevo, el ""misterio Kushner"" dejando descolocado a la prensa, pero moviendo los hilos, sobre todo en Oriente Medio, donde controlanegocios familiares de Trump y de su propia familia. Tras meses de perfil bajo pero aspiraciones altas, se presentó en público en el Foro de Davos para presentarel plan de Trump para Gaza, retomando la idea de la Riviera, a lo Emiratos Árabes. Ahí se vio, a las claras, su interés: los proyectos y los contratos. Estaba radiante entre las nieves de Suiza. EnEl HuffPosthacemos repaso a este enigmático personaje. ¿Sabías todo esto de él? 1) Su nombre completo esJared Corey Kushner. Nació en Livingston (Nueva Jersey), el 10 de enero de 1981, en el seno de una familiajudía ortodoxa moderna. Él también lo es, practicante, como su esposa Ivanka, que se convirtió al casarse. 2) Fue una de las grandes sorpresas en el equipo del presidente cuando tomó posesión del cargo, en enero de 2017.No tenía ni idea de gestión pública. Aportaba la experiencia de ser el rico dueño de unafirma de bienes raíces-herencia familiar- y eleditor de un semanario,The New York Observer, comprado para influir. Con esa dote había llegado a la familia Trump y había ido escalando, a la vez que el magnate subía su apuesta en política. 3) Primero, se encargó de llevarle laestrategia en medios digitales, contratando un equipo de expertos que ensalzaran su histriónica figura. Luego, ante la caída en desgracia de Corey Lewandowski, el jefe de lacampaña presidencial, tomó su relevo de facto y se rodeó de asesores afines. Hizo sombra hasta al ideólogo de cabecera,Steve Bannon. Así, en volandas, hasta Washington.""Es muy bueno en política"", repetía su suegro. ""Es ungenio oculto, nadie se lo explica"", añadíaNikki Haley, la exembajadora de EEUU ante la ONU y que peleó al propio Trump la candidatura republicana a las pasadas elecciones.""Secretary of Everything"",lo llamaban. El secretario o ministro de todo, un rol completamente inusual. También fue director de laOficina de Innovación Estadounidense. 4) Sus orígenes familiares también están alejados de la política. Sus abuelos llegaron a EEUU procedentes de Navahrudak (ahora en Bielorrusia), dondesobrevivieron alHolocausto. Por eso, se repite el clan, la vida es un milagro que hay que exprimir. Hay que ir a por todas. Y esa es la filosofía que ha pesado entre sus descendientes. La empresa inmobiliaria que fundaron los emigrantes tuvo éxito desde los años 50 y pasó luego a manos de Charles, padre de Jared.Hasta 22.000 propiedades para alquilarllegó a tener la familia, centrada en dar servicio a familias de clase media. 5) Jared estaba destinado a ser el responsable de la saga por ser el hijo mayor (tiene un hermano y tres hermanas más). Fue criado por unpadre estricto y colérico, que no le dejabani ponerse pantalones vaqueros. Aprendió, de sus órdenes, a ser refinado en el vestir, y de sus excesos, a ser tranquilo y no perder los papeles. En los últimos tiempos se le ve notablemente más relajado en su apariencia, con aires de Steve Jobs y Jeff Bezos. En privado, eh, nunca cuando acude a negociar en nombre de Trump.",Carmen Rengel,Huffingtonpost.es
newsapi,Jorge Quiroga: “La región debe tener una voz clara frente a Venezuela”,"El exmandatario boliviano, quien participará en marzo en el lanzamiento de la cátedra ""Presidente Sebastián Piñera"" de la UDD, es optimista sobre las oportunidades que se abren en Sudamérica por el giro a la derecha en la región y espera que con la llegada de…",https://www.latercera.com/politica/noticia/jorge-quiroga-la-region-debe-tener-una-voz-clara-frente-a-venezuela/,https://www.latercera.com/resizer/v2/6NU47YX2FBHIVCYQKGYH4KD37E.jpg?auth=b789b579a3a7b9522fbd8f553c433d0c980be30873e49ee322820ccff0cffa74&height=630&width=1200&smart=true,2026-02-01T09:00:00Z,"El expresidente boliviano Jorge Tuto Quiroga aplaude sin ambages la intervención militar de Estados Unidos en Venezuela, que terminó con la detención de Nicolás Maduro en una cárcel de Nueva York, an… [+12129 chars]","El expresidente bolivianoJorge “Tuto” Quirogaaplaude sin ambages la intervención militar de Estados Unidos en Venezuela, que terminó con la detención deNicolás Maduroen una cárcel de Nueva York, ante el silencio e inmovilismo de los países de la región. Pero no comparte la estrategia diseñada por la administración Trump con miras a estabilizar políticamente la nación caribeña para después iniciar un proceso de recuperación económica y -finalmente- pasar a una transición democrática. Para él, el camino es otro y pasa por el desmantelamiento total del aparato represivo y de lo que denomina “conglomerado criminal” que sigue gobernando Venezuela, y el establecimiento de una hoja de ruta clara que lleve a elecciones libres en el corto plazo. “¿Por qué esperamos que los gringos hagan cosas y no hacemos nada nosotros?”,reclama, al tiempo que exhorta a los países sudamericanos a tomar la iniciativa. La llegada de José Antonio Kast a la presidencia de Chile, profundizando el giro de la región hacia la derecha, lo anima a pensar que se pueda avanzar en una mayor coordinación. Quiroga es uno de los 11 dignatarios extranjeros que participarán el12 de marzoen el lanzamiento público de laCátedra Presidente Sebastián Piñerade laFacultad de Gobierno de la UDD, en alianza con elBanco del Desarrollo de América Latina y el Caribe. Una iniciativa que busca promover los valores democráticos y el perfeccionamiento de la gestión en políticas públicas y, de paso, rendir homenaje a la figura del exmandatario a dos años de su muerte. Pero lo hará de manera remota, pues en esos días estará de gira por los departamentos de Bolivia apoyando a los candidatos a las elecciones de gobernador y alcaldes de“Libre”, la alianza que lidera y que agrupa a 15 organizaciones políticas, creada a fines de 2024, que lo llevó como candidato presidencial en las elecciones de 2025, en las que resultó segundo trasRodrigo Paz. ¿Qué aspectos de la gestión del fallecido Presidente Sebastián Piñera durante sus dos administraciones son vistas con interés por otros gobiernos de la región? Hay muchas, y serán dignas de los estudios de la cátedra que se va a impulsar. Creo que su consistencia permanente con principios que él defendía, aunque en un momento dado podían no parecer convenientes, es lo que caracterizó su trayectoria a lo largo de su vida política.Era de esos liderazgos que toman una decisión a sabiendas de que en el corto plazo puede costarle popularidad, pero que a la larga termina siendo la correcta. Yo le decía, pues compartimos bastante antes de que falleciera, que creo mucho en un viejo adagio que dice que en la coyuntura se padece lo que después la historia agradece. Y él, como era, sonreía y, claro, sentía que en alguna medida le aplicaba a él, porque él pasó situaciones sociales difíciles. El rescate de los 33 mineros y las vacunas en la pandemia, sólo por mencionar dos de los más conocidos, pero estoy seguro de que uno puede encontrar microejemplos en todo, también en el compromiso que él tenía con la libertad de Venezuela. Sudamérica registra un giro político hacia la derecha, que podría profundizarse este año tras las elecciones en Colombia, Perú y Brasil. ¿Qué oportunidades se abren para la región? Recuerdo que se habló de una ola de cambio hacia lo que se denominaría centroderecha cuando entraronMacri,Piñera,Duque, cuando salió el PT de Brasil. Y después vino un giro medio hacia el otro lado. No sé si son giros tan ideológicos como más un ansia de cambio porque hay dificultades. Para mí la discusión en América Latina en este momento, y hace un buen tiempo, está cristalizada por la situación de Venezuela, no tiene tanto que ver con izquierda, centroizquierda, centroderecha, derecha.Felipe Gonzáleztenía un viejo adagio: la democracia no te garantiza un buen gobierno, lo que siempre debe garantizarte es que, si es malo, puedas cambiarlo con el voto. Esa es la línea divisoria hoy. Eso no puedes hacer enVenezuela,Cuba,Nicaragua. Gobiernos que son pésimos en la gestión y que son dictaduras puras, duras, criminales, delincuenciales, atroces y feroces, no las puedes cambiar con el voto. No es primera vez que los vientos flotan a favor de la derecha en la región, pero no se consolidó un salto al desarrollo. ¿Qué se debería hacer para no repetir las mismas fórmulas que ya se han probado? Hay muchas cosas, van a depender de cada país y de la situación en la que están. Pero hay un par de cosas que tenemos que poder aprovechar hoy y que no teníamos antes. Tenemos que incorporarnos al mundo tecnológico digital. No podemos usar IA de servidores anclados enEstados Unidoso enChina, tenemos que tener acá la provisión de energía, satélites confiables para desarrollar centros de datos, de inteligencia artificial. Segundo, tenemos que romper el viejo vicio que tanto daño ha hecho de limitarnos a exportar materias primas. EnChile,ArgentinayBoliviatenemos el 60% de las reservas de litio. Nos vamos a conformar una vez más en vender ese litio aCorea,Japón,China,",Francisco Artaza,Latercera.com
newsapi,Mauro Jarquín Ramírez*: ¿Hacia dónde va el proyecto educativo nacional?,"En educación básica, la 4T se encuentra en una encrucijada. Ésta no se reduce a conflictos mediatizados entre funcionarios federales, que en esencia son sólo un síntoma de la contradicción de origen que ha acompañado a la NEM: buscar mantener legitimidad en l…",https://www.jornada.com.mx/2026/02/01/opinion/016a2pol,https://www.jornada.com.mx/imagemeta/1200x630BN.jpg,2026-02-01T08:54:10Z,"n educación básica, la 4T se encuentra en una encrucijada. Ésta no se reduce a conflictos mediatizados entre funcionarios federales, que en esencia son sólo un síntoma de la contradicción de origen q… [+5642 chars]","n educación básica, la4T se encuentra en una encrucijada. Ésta no se reduce a conflictos mediatizados entre funcionarios federales, que en esencia son sólo un síntoma de la contradicción de origen que ha acompañado a la NEM: buscar mantener legitimidad en las comunidades educativas, al mismo tiempo de contrariar lo menos posible los intereses de sectores dominantes, opuestos a una transformación educativa real. Una situación que puede encontrarse en distintas disposiciones de su marco jurídico y en el desarrollo desigual de su alcance en el territorio nacional. En un contexto regional complejo, donde la cultura es un punto de importancia central de la política reaccionaria, el proyecto educativo de la 4T está en la disyuntiva entre a) mejorar las condiciones de educabilidad en las escuelas del país y fomentar una cultura democrática mediante la profundización de políticas concretas de cambio y la atención de la diversidad de tareas y compromisos pendientes –fortalecimiento de normales, acompañamiento docente, mejoras en las condiciones laborales del profesorado, etcétera– o b) capitular ante las presiones del mundo privado para participar nuevamente en la gobernanza del sistema educativo, así como ante las campañas mediáticas de la extrema derecha e incluso respecto al sentido común de un sector del oficialismo para el cual la educación es únicamente un asunto de gestión. Al considerar que la NEM camina de forma desigual en las escuelas del país (en ocasiones sin la cobertura de las autoridades educativas de los tres niveles de gobierno) optar por dejar las cosas tal como están, equivaldría para la 4T a capitular; es decir, a renunciar a la posibilidad de construir una plataforma cultural para la transformación progresista de México. Recordemos que la NEM surgió como respuesta al malestar docente generado –entre otras cosas– por décadas de políticas educativas que fueron producto de la transferencia de discursos pedagógicos globales de corte gerencial a nuestro país, los cuales no necesariamente atendían las especificidades de la diversidad de territorios y comunidades educativas. Un efecto de dichos discursos fue que la escuela terminara por interpretarse como una fábrica de aprendizajes instrumentales, dirigidos en gran medida a atender las demandas de habilidades de los mercados de trabajo. Así, las discusiones y contenidos escolares sobre las distintas aristas de la justicia social y sus condiciones de realización no lograron ser de gran relevancia parapolicymakersy grupos de interés. La ejecución por la fuerza de dichas políticas fortaleció la opción electoral obradorista en 2018, que podía representar un gran cambio. A siete años de progresismo, la política más significativa de transformación propiamente educativa en básica ha sido el nuevo currículo 2022 y la generación de una nueva familia de Libros de Texto Gratuitos, producidos ahora por el Estado mexicano. Paradójicamente, esta iniciativa, heredera directa del obradorismo, no ha gozado de un respaldo generalizado entre autoridades y burocracia educativa, conformados a menudo por actores formados durante años en un paradigma educativo distinto, y en ocasiones relacionados con grupos de interés privado que todavía no cesan en mostrar su deseo de volver a ocupar espacios importantes en la toma de decisiones sobre la educación, así como de acceder a recursos públicos. Es cierto que el proyecto educativo nacional debe impulsar una educación para el siglo XXI, pero esto no significa únicamente tomar en consideración la aceleración tecnológica en curso o las habilidades necesarias para ser productivo en los precarios mercados de trabajo actuales. El escenario presente muestra cuán imperativo es educar críticamente frente al tecno-optimismo corporativo, a la explotación disfrazada de libertades, a la reactivación de la xenofobia, el racismo y el patriarcado; en suma, al crecimiento global del neofascismo y el alarmante nuevo ciclo imperial. ¿Esto es politizar la educación? Sí. Algo tan cierto como necesario. Optar por educar en el respeto a los derechos humanos o formar personas competentes laboralmente consiste en un falso dilema. La democracia, la interculturalidad crítica y la solidaridad no son antagónicas a la capacidad de las personas para vivir, trabajar y ser productivas. Ese es un supuesto reaccionario falso, como muchos otros. La conformación teórico-discursiva de la NEM, al recuperar algunos elementos fundamentales de la tradición pedagógica del magisterio democrático en nuestro país, ha logrado generar un marco institucional para impulsar una educación que responda a los grandes retos actuales en clave crítica, lo cual representa una circunstancia relevante en la mayor parte del territorio nacional donde el corporativismo sindical y cacicazgos locales intervienen también en la vida cotidiana de las escuelas. Pero para que dichos principios echen raíz en el sistema educativo, se requiere que la 4T profundice y afiance un proyecto educativo nac",Mauro Jarquín Ramírez*,Jornada.com.mx
newsapi,Marath Baruch Bolaños López*: Trabajo digno en el siglo XXI,"El trabajo, entendido en términos filosóficos como el conjunto de actividades dedicadas a transformar la naturaleza para satisfacer las necesidades humanas, no es una realidad inerte. Ha experimentado profundas transformaciones a lo largo de la historia. En l…",https://www.jornada.com.mx/2026/02/01/politica/016a1pol,https://www.jornada.com.mx/imagemeta/1200x630BN.jpg,2026-02-01T08:54:10Z,"l trabajo, entendido en términos filosóficos como el conjunto de actividades dedicadas a transformar la naturaleza para satisfacer las necesidades humanas, no es una realidad inerte. Ha experimentado… [+4679 chars]","l trabajo, entendidoen términos filosóficos como el conjunto de actividades dedicadas a transformar la naturaleza para satisfacer las necesidades humanas, no es una realidad inerte. Ha experimentado profundas transformaciones a lo largo de la historia. En las últimas décadas, con el desarrollo de las tecnologías de la información, esta condición cambiante del trabajo se ha vuelto particularmente evidente. No sólo han surgido ocupaciones antes inexistentes, sino también nuevas dinámicas laborales. Esto se observa con claridad en fenómenos cada vez más extendidos, como el trabajo en plataformas digitales, que incluye tanto a conductores como a repartidores. Por instrucciones de la presidenta Claudia Sheinbaum, la Secretaría del Trabajo tiene la tarea de asegurar que exista trabajo digno para todas y todos los mexicanos, al mismo tiempo que se impulsa y protege el dinamismo económico del país. Por ello, en lo que respecta al trabajo en plataformas digitales, se buscó preservar su flexibilidad, pero garantizando que quienes viven de este trabajo cuenten con seguridad social, reglas claras y protección frente a riesgos y arbitrariedades. La Reforma al Trabajo en Plataformas Digitales es innovadora no sólo porque reconoce y atiende una nueva realidad laboral surgida del desarrollo tecnológico, sino también porque se trata de una política pública que nace de un proceso de análisis de la realidad existente y del diálogo con las y los trabajadores y con las empresas. Dicho de otro modo: se trata de una reforma construida de manera dialógica, a partir de la participación activa de los distintos actores involucrados. En primera instancia, la reforma distingue que existen diferentes maneras de trabajar en las plataformas digitales. Hay un primer grupo de personas registradas en plataformas, conformado por aquellas que, en algún momento, han tenido una cuenta activa o un registro vigente. Este universo no equivale automáticamente a personas con trabajo continuo o con ingresos regulares. Hay un segundo grupo de personas con participación esporádica, conformado por quienes se conectan ocasionalmente, realizan pocos viajes o entregas, o utilizan la plataforma como actividad com-plementaria de ingresos. Hay un tercer grupo de personas activas en cada mes, conformado por quienes efectivamente realizaron viajes o entregas por un tiempo de al menos 15 horas en un periodo determinado. Y hay un cuarto grupo de personas para quienes este trabajo es su principal fuente de ingresos, conformado por quienes generan ingresos equivalentes o superiores a un salario mínimo mensual a través de la plataforma. La reforma considera a todas y todos. Para las personas del primer, segundo y tercer grupo la reforma garantiza protección contra riesgos de trabajo durante el tiempo efectivamente laborado, incluso si no alcanzan el umbral de ingresos mensuales. Para las personas del cuarto grupo la reforma ofrece ahora seguridad social completa (IMSS, Infonavit, riesgos de trabajo, pensión, guarderías). De esta manera, la reforma protege a quienes dependen de este empleo para vivir, sin excluir ni desproteger a quienes participan de manera ocasional. La Reforma al Trabajo en Plataformas Digitales, establecida como un compromiso del segundo piso de la Transformación por la presidenta Claudia Sheinbaum, ya es una realidad palpable que beneficia a cientos de miles de mexicanas y mexicanos. De julio a diciembre de 2025 se realizó exitosamente un programa piloto que logró acumular un promedio de 912 mil 625 puestos de trabajo al mes. Algunos datos permiten dimensionar el calado de la transformación laboral que está sucediendo. Las personas trabajadoras que generaron al menos un salario mínimo crecieron mes con mes: 132 mil 841 en julio, 133 mil 178 en agosto, 125 mil 757 en septiembre, 150 mil 123 en octubre, 164 mil 205 en noviembre y 206 mil 521 en diciembre. Entre octubre, noviembre y diciembre, 77 por ciento de las personas que superaron el ingreso neto equivalente al salario mínimo fueron las mismas, lo que confirma que la reforma logró identificar de manera estable al núcleo de personas para quienes este trabajo representa su ingreso principal. Al cierre de diciembre de 2025, el salario base de cotización promedio fue de 392.42 pesos diarios, nivel 41 por ciento superior al salario mínimo. Y algo fundamental: con la información disponible, no se observa un impacto negativo significativo en el empleo en plataformas digitales tras la implementación de la reforma. Pero, sobre todo, estas cifras nos permiten anunciar con enorme entusiasmo una noticia histórica: la Reforma al Trabajo en Plataformas Digitales constituye el mayor ejercicio de formalización del empleo en México del que se tenga registro. Estamos construyendo los cimientos del trabajo digno en el siglo XXI. *Secretario del Trabajo y Previsión Social (X:@marathb)  ¿Quiénes somos?|Contacto|Publicidad|Aviso legal|Aviso de privacidad.|Código de Ética|Siguenos en:",Marath Baruch Bolaños López*,Jornada.com.mx
newsapi,Antonio Gershenson: ¿Quiénes nos defienden?,"Muy bien, estamos entonces insistiendo en que debemos proteger nuestra soberanía. No es posible que a estas alturas de los agravios y los exabruptos del presidente irresponsable de Estados Unidos nosotros nos crucemos de brazos para ver si defendemos ampliame…",https://www.jornada.com.mx/2026/02/01/politica/015a2pol,https://www.jornada.com.mx/imagemeta/1200x630BN.jpg,2026-02-01T08:54:10Z,"uy bien, estamos entonces insistiendo en que debemos proteger nuestra soberanía. No es posible que a estas alturas de los agravios y los exabruptos del presidente irresponsable de Estados Unidos noso… [+4333 chars]","uy bien, estamosentonces insistiendo en que debemos proteger nuestra soberanía. No es posible que a estas alturas de los agravios y los exabruptos del presidente irresponsable de Estados Unidos nosotros nos crucemos de brazos para ver si defendemos ampliamente o nada más un poquito nuestra soberanía energética. Aquí estamos y no nos vamos a dejar, y esto no es un panfleto, es una consigna, pero también es una verdad. Este señor, por no decirle presidente abyecto, ha pisoteado, ha masticado y ha escupido pedazos de soberanía, no sólo de México sino también de nuestros países hermanos de América Latina. No permitamos que lo siga haciendo. ¿Cómo lo vamos a evitar?. Tenemos que idear varios planes, uno de ellos es no quitar el dedo del renglón en la defensa de nuestros recursos naturales. Aparentemente, ya no le interesa el petróleo de Venezuela, el asunto de su incongruente y agresiva actividad contra todos los países, es por el poder y por el hecho de decir “aquí mando yo”. Tal vez el presidente Trump sepa que tiene los días contados y por eso aprieta la pinza, esa pinza militar que puede ahogar a cualquiera, aun a los más preparados, no solamente desde el punto de vista castrense, sino económica y políticamente hablando. Entonces, revisemos qué estamos haciendo al interior del gobierno de la 4T, ¿cómo debemos comportarnos? Estamos siguiendo, supuestamente, las consignas del “no robar, no mentir y no traicionar al pueblo”; en este sentido, las instituciones mexicanas tienen la responsabilidad de defender a los mexicanos y mexicanas y su soberanía energética y, en su caso, denunciar las agresiones en contra del movimiento por la transformación, o en contra de la democracia que estamos reconstruyendo. Si esta defensoría del gobierno mexicano no está ocurriendo en la realidad, si detrás de las instituciones nacionales, como la Secretaría de Economía, la Secretaría de Energía, la Comisión Federal de Electricidad, Petróleos Mexicanos siguen escondidos aquellos enclaves del capitalismo, del neoliberalismo y de toda la pleya de corruptos que han dado al traste a la economía de nuestro país, entonces preguntémonos, qué está ocurriendo. Tenemos entonces el derecho de conocer y revisar las decisiones que desde las oficinas de Marcelo Ebrard, por ejemplo, o de cualquier otra, se están diseñando e implementando. Recordemos que las dependencias gubernamentales no están del todo saneadas de la práctica y del pensamiento neoliberal, a pesar de la llegada de la 4T. Muchos tomadores de decisiones seguirán escondiendo la cabeza, lanzando la piedra y escondiendo la mano, en contra de los principios de dignidad, de justicia y del humanismo mexicano que enarbola este gobierno. En este sentido, resulta impostergable revisar en manos de quiénes están las decisiones estratégicas para la defensa de nuestros recursos y de nuestro país en general. No puede haber simulaciones ni actitudes irresponsables, ignorantes y sin consciencia política y social, como lo hemos comentado en otras ocasiones en este espacio de opinión. Los administradores públicos que hoy toman las decisiones estratégicas para el futuro de nuestro país no deben olvidar que en las pasadas elecciones, 36 millones de ciudadanos y ciudadanas los eligieron con la finalidad de defender las instituciones, de defender a un México soberano y de impedir el intervencionismo de manera contundente. No necesitamos posturas tibias, confusas, que no nos den claridad sobre lo que realmente está aconteciendo con nuestro país en el entorno internacional, pero aún, no queremos protagonismos unilaterales innecesarios. Necesitamos certezas en las posturas y definiciones que habrán de tomarse en las próximas negociaciones del T-MEC, entre otros acuerdos a futuro, los cuales deberán ser acordes a los compromisos que tiene el actual gobierno de la presidenta Claudia Sheinbaum con millones de mexicanos. Y si finalmente desaparece el tratado, no será una tragedia, sería el inicio de una verdadera independencia económica, lo que sí nos hace falta.",Antonio Gershenson,Jornada.com.mx
newsapi,Antonio Gershenson: ¿Quiénes nos defienden?,"Muy bien, estamos entonces insistiendo en que debemos proteger nuestra soberanía. No es posible que a estas alturas de los agravios y los exabruptos del presidente irresponsable de Estados Unidos nosotros nos crucemos de brazos para ver si defendemos ampliame…",https://www.jornada.com.mx/2026/02/01/opinion/015a2pol,https://www.jornada.com.mx/imagemeta/1200x630BN.jpg,2026-02-01T08:54:10Z,"uy bien, estamos entonces insistiendo en que debemos proteger nuestra soberanía. No es posible que a estas alturas de los agravios y los exabruptos del presidente irresponsable de Estados Unidos noso… [+4333 chars]","uy bien, estamosentonces insistiendo en que debemos proteger nuestra soberanía. No es posible que a estas alturas de los agravios y los exabruptos del presidente irresponsable de Estados Unidos nosotros nos crucemos de brazos para ver si defendemos ampliamente o nada más un poquito nuestra soberanía energética. Aquí estamos y no nos vamos a dejar, y esto no es un panfleto, es una consigna, pero también es una verdad. Este señor, por no decirle presidente abyecto, ha pisoteado, ha masticado y ha escupido pedazos de soberanía, no sólo de México sino también de nuestros países hermanos de América Latina. No permitamos que lo siga haciendo. ¿Cómo lo vamos a evitar?. Tenemos que idear varios planes, uno de ellos es no quitar el dedo del renglón en la defensa de nuestros recursos naturales. Aparentemente, ya no le interesa el petróleo de Venezuela, el asunto de su incongruente y agresiva actividad contra todos los países, es por el poder y por el hecho de decir “aquí mando yo”. Tal vez el presidente Trump sepa que tiene los días contados y por eso aprieta la pinza, esa pinza militar que puede ahogar a cualquiera, aun a los más preparados, no solamente desde el punto de vista castrense, sino económica y políticamente hablando. Entonces, revisemos qué estamos haciendo al interior del gobierno de la 4T, ¿cómo debemos comportarnos? Estamos siguiendo, supuestamente, las consignas del “no robar, no mentir y no traicionar al pueblo”; en este sentido, las instituciones mexicanas tienen la responsabilidad de defender a los mexicanos y mexicanas y su soberanía energética y, en su caso, denunciar las agresiones en contra del movimiento por la transformación, o en contra de la democracia que estamos reconstruyendo. Si esta defensoría del gobierno mexicano no está ocurriendo en la realidad, si detrás de las instituciones nacionales, como la Secretaría de Economía, la Secretaría de Energía, la Comisión Federal de Electricidad, Petróleos Mexicanos siguen escondidos aquellos enclaves del capitalismo, del neoliberalismo y de toda la pleya de corruptos que han dado al traste a la economía de nuestro país, entonces preguntémonos, qué está ocurriendo. Tenemos entonces el derecho de conocer y revisar las decisiones que desde las oficinas de Marcelo Ebrard, por ejemplo, o de cualquier otra, se están diseñando e implementando. Recordemos que las dependencias gubernamentales no están del todo saneadas de la práctica y del pensamiento neoliberal, a pesar de la llegada de la 4T. Muchos tomadores de decisiones seguirán escondiendo la cabeza, lanzando la piedra y escondiendo la mano, en contra de los principios de dignidad, de justicia y del humanismo mexicano que enarbola este gobierno. En este sentido, resulta impostergable revisar en manos de quiénes están las decisiones estratégicas para la defensa de nuestros recursos y de nuestro país en general. No puede haber simulaciones ni actitudes irresponsables, ignorantes y sin consciencia política y social, como lo hemos comentado en otras ocasiones en este espacio de opinión. Los administradores públicos que hoy toman las decisiones estratégicas para el futuro de nuestro país no deben olvidar que en las pasadas elecciones, 36 millones de ciudadanos y ciudadanas los eligieron con la finalidad de defender las instituciones, de defender a un México soberano y de impedir el intervencionismo de manera contundente. No necesitamos posturas tibias, confusas, que no nos den claridad sobre lo que realmente está aconteciendo con nuestro país en el entorno internacional, pero aún, no queremos protagonismos unilaterales innecesarios. Necesitamos certezas en las posturas y definiciones que habrán de tomarse en las próximas negociaciones del T-MEC, entre otros acuerdos a futuro, los cuales deberán ser acordes a los compromisos que tiene el actual gobierno de la presidenta Claudia Sheinbaum con millones de mexicanos. Y si finalmente desaparece el tratado, no será una tragedia, sería el inicio de una verdadera independencia económica, lo que sí nos hace falta.",Antonio Gershenson,Jornada.com.mx
newsapi,Mauro Jarquín Ramírez*: ¿Hacia dónde va el proyecto educativo nacional?,"En educación básica, la 4T se encuentra en una encrucijada. Ésta no se reduce a conflictos mediatizados entre funcionarios federales, que en esencia son sólo un síntoma de la contradicción de origen que ha acompañado a la NEM: buscar mantener legitimidad en l…",https://www.jornada.com.mx/2026/02/01/politica/016a2pol,https://www.jornada.com.mx/imagemeta/1200x630BN.jpg,2026-02-01T08:54:10Z,"n educación básica, la 4T se encuentra en una encrucijada. Ésta no se reduce a conflictos mediatizados entre funcionarios federales, que en esencia son sólo un síntoma de la contradicción de origen q… [+5642 chars]","n educación básica, la4T se encuentra en una encrucijada. Ésta no se reduce a conflictos mediatizados entre funcionarios federales, que en esencia son sólo un síntoma de la contradicción de origen que ha acompañado a la NEM: buscar mantener legitimidad en las comunidades educativas, al mismo tiempo de contrariar lo menos posible los intereses de sectores dominantes, opuestos a una transformación educativa real. Una situación que puede encontrarse en distintas disposiciones de su marco jurídico y en el desarrollo desigual de su alcance en el territorio nacional. En un contexto regional complejo, donde la cultura es un punto de importancia central de la política reaccionaria, el proyecto educativo de la 4T está en la disyuntiva entre a) mejorar las condiciones de educabilidad en las escuelas del país y fomentar una cultura democrática mediante la profundización de políticas concretas de cambio y la atención de la diversidad de tareas y compromisos pendientes –fortalecimiento de normales, acompañamiento docente, mejoras en las condiciones laborales del profesorado, etcétera– o b) capitular ante las presiones del mundo privado para participar nuevamente en la gobernanza del sistema educativo, así como ante las campañas mediáticas de la extrema derecha e incluso respecto al sentido común de un sector del oficialismo para el cual la educación es únicamente un asunto de gestión. Al considerar que la NEM camina de forma desigual en las escuelas del país (en ocasiones sin la cobertura de las autoridades educativas de los tres niveles de gobierno) optar por dejar las cosas tal como están, equivaldría para la 4T a capitular; es decir, a renunciar a la posibilidad de construir una plataforma cultural para la transformación progresista de México. Recordemos que la NEM surgió como respuesta al malestar docente generado –entre otras cosas– por décadas de políticas educativas que fueron producto de la transferencia de discursos pedagógicos globales de corte gerencial a nuestro país, los cuales no necesariamente atendían las especificidades de la diversidad de territorios y comunidades educativas. Un efecto de dichos discursos fue que la escuela terminara por interpretarse como una fábrica de aprendizajes instrumentales, dirigidos en gran medida a atender las demandas de habilidades de los mercados de trabajo. Así, las discusiones y contenidos escolares sobre las distintas aristas de la justicia social y sus condiciones de realización no lograron ser de gran relevancia parapolicymakersy grupos de interés. La ejecución por la fuerza de dichas políticas fortaleció la opción electoral obradorista en 2018, que podía representar un gran cambio. A siete años de progresismo, la política más significativa de transformación propiamente educativa en básica ha sido el nuevo currículo 2022 y la generación de una nueva familia de Libros de Texto Gratuitos, producidos ahora por el Estado mexicano. Paradójicamente, esta iniciativa, heredera directa del obradorismo, no ha gozado de un respaldo generalizado entre autoridades y burocracia educativa, conformados a menudo por actores formados durante años en un paradigma educativo distinto, y en ocasiones relacionados con grupos de interés privado que todavía no cesan en mostrar su deseo de volver a ocupar espacios importantes en la toma de decisiones sobre la educación, así como de acceder a recursos públicos. Es cierto que el proyecto educativo nacional debe impulsar una educación para el siglo XXI, pero esto no significa únicamente tomar en consideración la aceleración tecnológica en curso o las habilidades necesarias para ser productivo en los precarios mercados de trabajo actuales. El escenario presente muestra cuán imperativo es educar críticamente frente al tecno-optimismo corporativo, a la explotación disfrazada de libertades, a la reactivación de la xenofobia, el racismo y el patriarcado; en suma, al crecimiento global del neofascismo y el alarmante nuevo ciclo imperial. ¿Esto es politizar la educación? Sí. Algo tan cierto como necesario. Optar por educar en el respeto a los derechos humanos o formar personas competentes laboralmente consiste en un falso dilema. La democracia, la interculturalidad crítica y la solidaridad no son antagónicas a la capacidad de las personas para vivir, trabajar y ser productivas. Ese es un supuesto reaccionario falso, como muchos otros. La conformación teórico-discursiva de la NEM, al recuperar algunos elementos fundamentales de la tradición pedagógica del magisterio democrático en nuestro país, ha logrado generar un marco institucional para impulsar una educación que responda a los grandes retos actuales en clave crítica, lo cual representa una circunstancia relevante en la mayor parte del territorio nacional donde el corporativismo sindical y cacicazgos locales intervienen también en la vida cotidiana de las escuelas. Pero para que dichos principios echen raíz en el sistema educativo, se requiere que la 4T profundice y afiance un proyecto educativo nac",Mauro Jarquín Ramírez*,Jornada.com.mx
newsapi,Cuba canta a la paz y en defensa de la soberanía,"La Habana. Varios artistas cubanos se han unido para cantarle a la paz y en defensa de la soberanía nacional, ello en contundente rechazo a las medidas adoptadas por el gobierno estadunidense contra la isla, tan repudiadas hoy como violatorias.",https://www.jornada.com.mx/2026/02/01/espectaculos/a06n2esp,https://www.jornada.com.mx/imagemeta/1200x630BN.jpg,2026-02-01T08:54:10Z,"Periódico La JornadaDomingo 1º de febrero de 2026, p. 6
La Habana. Varios artistas cubanos se han unido para cantarle a la paz y en defensa de la soberanía nacional, ello en contundente rechazo a la… [+1475 chars]","La Habana. Varios artistas cubanos se han unido para cantarle a la paz y en defensa de la soberanía nacional, ello en contundente rechazo a las medidas adoptadas por el gobierno estadunidense contra la isla, tan repudiadas hoy como violatorias. Uno de los músicos que lideran esta propuesta es Alexander Abreu, director de la agrupación Havana D’Primera, junto a integrantes de la Asociación Hermanos Saíz (AHS). El audiovisual que acompaña al temaLa humanidad pide un mundo mejorha generado numerosas reacciones en plataformas digitales, desde donde se comparte en solidaridad con el pueblo cubano, asediado por más de 60 años por un feroz bloqueo recrudecido ahora con las recientes disposiciones de la administración Trump. Los mensajes que se aprecian en la publicación, en su mayoría, defienden a Cuba y su derecho a la soberanía, en tanto repudian la política de asfixia del gobierno de Estados Unidos. Múltiples son las muestras de apoyo a la nación antillana y el rechazo a la Orden Ejecutiva firmada recientemente por el presidente Donald Trump, a través de la cual declara una emergencia nacional y establece un proceso para imponer aranceles a bienes de países que vendan o suministren petróleo a Cuba. Destacan mensajes de la Red de Intelectuales, Artistas y Movimientos Sociales en Defensa de la Humanidad, de la Unión de Escritores y Artistas de Cuba (Uneac), del destacado intelectual cubano y presidente de Casa de las Américas, Abel Prieto, y del teólogo brasileño Frei Betto, entre otros. También de países como México, Brasil, Chile y Rusia, y de personalidades estadunidenses amigos de Cuba. ¿Quiénes somos?|Contacto|Publicidad|Aviso legal|Aviso de privacidad.|Código de Ética|Siguenos en: Periódicos:La Jornada Maya|La Jornada Morelos|La Jornada Estado de México|La Jornada Hidalgo La Jornada de Oriente|La Jornada San Luis|La Jornada Veracruz|La Jornada Zacatecas","DEMOS, Desarrollo de Medios, S.A. de C.V.",Jornada.com.mx
newsapi,“La relación entre Donald Trump y el fascismo es cada vez más evidente”,"Madrid. La humanidad atraviesa un momento crucial en la historia, con una guerra en curso y de pronós-tico incierto, alerta el filósofo mexicano José Guadalupe Gandarilla, autor y coordinador del libro De Monroe a Trump. Del expansionismo estadunidense tempra…",https://www.jornada.com.mx/2026/02/01/mundo/022e1mun,https://www.jornada.com.mx/2026/02/01/fotos/022e1mun-1.jpg,2026-02-01T08:54:10Z,"Periódico La JornadaDomingo 1º de febrero de 2026, p. 22
Madrid. La humanidad atraviesa un momento crucial en la historia, con una guerra en curso y de pronós-tico incierto, alerta el filósofo mexic… [+7001 chars]","El ICE es una fuerza de ocupación al interior de EU, asevera el académico El coordinador del libroDe Monroe a Trump.  Del expansionismo estadunidense temprano al imperialismo tardíoalerta sobre el uso de la Doctrina Monroe por parte del magnate para justificar invasiones, agresiones militares e incluso el secuestro  de Nicolás Maduro Madrid. La humanidad atraviesa unmomento crucial en la historia, con una guerra en curso y de pronós-tico incierto, alerta el filósofo mexicano José Guadalupe Gandarilla, autor y coordinador del libroDe Monroe a Trump. Del expansionismo estadunidense temprano al imperialismo tardío(Ediciones Herramienta) que presentó esta semana en Madrid. La obra, homenaje a la tradición de pensamiento que impulsó Pablo González Casanova, es resultado de un seminario del Centro de Investigaciones Interdisciplinarias en Ciencias y Humanidades (Ceiich) de la Universidad Nacional Autónoma de México (UNAM), espacio que él fundó y que cumple 40 años en 2026. A 200 años de su elaboración por James Monroe, la Doctrina Monroe –que es como la conocemos– es utilizada por el presidente estadunidense, Donald Trump, para justificar invasiones, agresiones militares e incluso el secuestro de presidentes de terceros países, como el caso del mandatario venezolano, Nicolás Maduro. En entrevista conLa Jornada,Gandarilla, titular del Ceiich, explica que el libro encara el tema “desde una perspectiva histórica y de filosofía política, de análisis de la economía política global y de las posiciones o visiones de la dependencia y el imperialismo”. De esta manera, permite “rastrear e iluminar el realce de la tendencia imperialista por parte de Estados Unidos, la agudización de las condiciones de su crisis interna y de cómo eso empuja a revitalizar las políticas expansionistas, ya no sólo en América Latina, sino en otras regiones del mundo”. –¿Cuáles son las claves para entender la Doctrina Monroe hoy en día? –Este instrumento se plantea como una relación de la política interior y la política exterior; en rigor se trata de la defensa del interés nacional o de la doctrina de seguridad nacional que el gobierno de Estados Unidos entiende como una seguridad hemisférica. Cuando surge, y hasta la mitad del siglo XIX, está planteada como una estrategia de rivalidad contra la posible expansión o colonización de las otras potencias de ese momento, que eran básicamente Francia e Inglaterra, porque España estaba ya en declive. Actualmente son otras las potencias emergentes. –¿China y Rusia?","DEMOS, Desarrollo de Medios, S.A. de C.V.",Jornada.com.mx
newsapi,Federación alemana descarta boicot al Mundial,"Berlín. La Federación Alemana de Futbol (DBF, por sus siglas en alemán) descartó un boicot al Mundial 2026 a pesar de los llamados internos para enviar un mensaje al presidente de Estados Unidos, Donald Trump, quien endureció las políticas migratorias en el p…",https://www.jornada.com.mx/2026/02/01/deportes/a09n2dep,https://www.jornada.com.mx/imagemeta/1200x630BN.jpg,2026-02-01T08:54:10Z,"Periódico La JornadaDomingo 1º de febrero de 2026, p. 9
Berlín. La Federación Alemana de Futbol (DBF, por sus siglas en alemán) descartó un boicot al Mundial 2026 a pesar de los llamados internos pa… [+2092 chars]","Berlín. La Federación Alemana de Futbol (DBF, por sus siglas en alemán) descartó un boicot al Mundial 2026 a pesar de los llamados internos para enviar un mensaje al presidente de Estados Unidos, Donald Trump, quien endureció las políticas migratorias en el país norteamericano al tiempo de que ha expresado su inte-rés de anexar Groenlandia. La DBF reconoció que su comité ejecutivo se reunió y discutió la opción de un boicot a la Copa de México, Estados Unidos y Canadá. El vicepresidente del organismo, Oke Göttlich, presentó la propuesta la semana pasada al señalar que era momento de “considerar seriamente” esta alternativa. Göttlich, quien también es el presidente del club de la Bundesliga St. Pauli, se refirió a las recientes acciones y declaraciones de Trump –que han desatado controversia internacional–. Sin embargo, en lo que parece ser una reprimenda pública a Göttlich, la DBF dijo que “los debates sobre política deporti-va deben llevarse a cabo de manera interna y no en público”. La federación afirmó que un boicot “no está actualmente en consideración. La DBF está en contacto con representantes de la política, la seguridad, los negocios y el deporte en preparación para el torneo” mundialista. “Creemos en el poder unificador del deporte y en el impacto global que puede tener una Copa del Mundo de la FIFA”, afirmó la federación en un comunicado. “Nuestro objetivo es fortalecer esta fuerza positiva, no impedirla”. Trump ha sembrado discordia en Europa con su intento de adquisición de Groenlandia y amenazas de imponer aranceles a los países europeos que se opusieron, mientras las acciones de Estados Unidos en Venezuela y en casa al tratar con las protestas en ciudades estadunidenses también han generado alarma. El ex dirigente de la FIFA, Joseph Blatter, aconsejó la semana pasada a los aficionados que se mantuvieran alejados del torneo. Sin embargo, cuando era presidente, Blatter se opuso a las llamadas para boicotear la Copa Mundial de 2018 en Rusia por preocupaciones sobre Ucrania. “El futbol no puede ser boicoteado en ningún país”, dijo en ese momento. Los aficionados también se han mostrado inconformes por los altos precios de las entradas al torneo, así como por las restricciones a los viajeros.","DEMOS, Desarrollo de Medios, S.A. de C.V.",Jornada.com.mx
newsapi,Arranca hoy la Serie del Caribe en Zapopan,"Luego de convertirse en sede emergente de la Serie del Caribe tras la inestabilidad política en Venezuela, México comienza hoy la búsqueda de su título 10 en la competencia.",https://www.jornada.com.mx/2026/02/01/deportes/a10n2dep,https://www.jornada.com.mx/2026/02/01/fotos/a10n2dep-1.jpg,2026-02-01T08:54:10Z,"Periódico La JornadaDomingo 1º de febrero de 2026, p. a10
Luego de convertirse en sede emergente de la Serie del Caribe tras la inestabilidad política en Venezuela, México comienza hoy la búsqueda d… [+2372 chars]","Luego de convertirse en sede emergente de la Serie del Caribe tras la inestabilidad política en Venezuela, México comienza hoy la búsqueda de su título 10 en la competencia. El estadio Panamericano en Zapopan será el escenario que reci-ba la fiesta del beisbol caribeño en la que el país estará representado por dos equipos: México Verde (Tomateros) y México Rojo (Charros). “Tenemos dos excelentes novenas y muchas posibilidades de ganar. Se trata de jugar con el nivel que los llevó hasta este punto y confiar en el proceso colectivo”, compartió Lorenzo Bundy, quien fungirá de entrenador de Tomateros. La espera por la décima es larga, pues la última vez que México levantó el trofeo fue en 2016 cuando los Venados de Mazatlán vencieron a Santo Domingo. Históricamente, la pelota caliente ha sido caprichosa en la Serie. Rara vez las novenas locales se han coronado en su país. De las 67 ediciones de la competencia, sólo en 18 ha triunfado el equipo que juega de local. “Nada es imposible y más con el público a nuestro favor. Me gustaría una final México Rojo contra México Verde, pero si me ponen a Dominicana me encantaría. Queremos ser campeones acá. Ya nos toca volver a ser monarcas”, comentó Salvador Escobar, presidente de la Liga Mexicana del Pacífico. La Serie tendrá un formato de todos contra todos (round robin) en los primeros cinco días, seguido de dos partidos de semifinales el viernes y la gran final el sábado por la noche. En la reconfiguración urgente del torneo fue invitado Panamá, con los Federales de Chiriquí, y confirmaron su presencia República Dominicana (Leones del Escogido), Puerto Rico (Cangrejeros de Santurce) y México con dos novenas. En la jornada de apertura México Verde se enfrentará a Puerto Rico y México Rojo a República Dominicana, actual campeón de la Serie. El estadio Panamericano cuenta con 67 pantallas, 30 suites acon-dicionadas, cinco restaurantes, red de Internet en todo el interior, un palco de prensa para 150 periodistas y ocho cabinas de radio y televisión.","DEMOS, Desarrollo de Medios, S.A. de C.V.",Jornada.com.mx
newsapi,Rolando Cordera Campos: Plan México: un año de planeación (des)figurada,"Días antes de que el empresario voraz asumiera por segunda ocasión la presidencia de Estados Unidos, el 13 de enero de 2025 la presidenta Sheinbaum, acompañada por su gabinete así como por miembros del sector empresarial, dio a conocer el Plan México, “una vi…",https://www.jornada.com.mx/2026/02/01/politica/015a1pol,https://www.jornada.com.mx/imagemeta/1200x630BN.jpg,2026-02-01T08:54:10Z,"ías antes de que el empresario voraz asumiera por segunda ocasión la presidencia de Estados Unidos, el 13 de enero de 2025 la presidenta Sheinbaum, acompañada por su gabinete así como por miembros de… [+4751 chars]","ías antes deque el empresario voraz asumiera por segunda ocasión la presidencia de Estados Unidos, el 13 de enero de 2025 la presidenta Sheinbaum, acompañada por su gabinete así como por miembros del sector empresarial, dio a conocer el Plan México, “una visión del presente y del futuro sobre el desarrollo nacional, que está conformado de 13 metas cuyo objetivo es hacer de nuestra nación el mejor país del mundo disminuyendo la pobreza y la desigualdad y el cual contempla un portafolio de inversiones, nacionales y extranjeras, de 277 mil millones de dólares (mmdd)”. “El objetivo –agregó–, es seguir haciendo de México el mejor país del mundo. Nuestro país es una potencia cultural y nuestro objetivo es disminuir pobreza, desigualdades, que cada uno de los mexicanos y mexicanas sepa que hay plan, que hay desarrollo, que frente a cualquier incertidumbre que venga en el futuro próximo, México tiene un plan y está unido (…).”https://www.gob.mx /presidencia/prensa/presidenta-claudia -sheinbaum-presenta-el-plan-mexico- que-contempla-un-portafolio-de-inver siones-de-277-mmdd) A un año de distancia de ese anuncio, no es mucho lo que, en consideración a los hechos, puede destacarse. De acuerdo con la más reciente Encuesta Nacional de Ocupación y Empleo, que publica oportunamente el Inegi, se ratifican las dificultades que, hace ya tiempo, tiene la creación de empleos buenos, bien pagados: en diciembre (2025), el porcentaje de la población con trabajo fue de 59.1 por ciento y la informalidad laboral de 54.6 por ciento, señala la encuesta. Ítem más: en los servicios se registró el mayor número de mexicanos trabajando (26.6 millones), lo que representa un 44.1 por ciento; le siguen el comercio (20.5 por ciento); la industria manufacturera (15.7 por ciento); las actividades agrícolas (10.6 por ciento); y la construcción (7.8 por ciento). Y sigue la catarata informática: si se comparan los recientes porcentajes con los del diciembre de 2024, los sectores con mayor crecimiento han sido el comercio, las actividades agrícolas y los servicios, en contraste con los descensos en la industria manufacturera (238 mil). (Encuesta Nacional de Ocupación y Empleo, 26 enero, 2026). Si convenimos en que los deplorables números en torno al empleo son un claro reflejo de nuestro no crecimiento, mal haremos en seguir conformándonos (o resignándonos) con que el PIB crezca .8 por ciento –cifras desestacionalizadas– como se informó el viernes. (El Economista, “Economía de México creció 0.8% en el cuarto trimestre”, 30/1/26). Más bien, tendríamos que empezar por asumir en todo lo que implica la falta de crecimiento y buscar atender, entender, sus causas básicas. Entre éstas tenemos que resaltar la falta de inversión –pública y privada– para poder transformar nuestra estructura productiva y sus dinámicas. También, tendríamos que reconocer que es inaceptable que una economía del tamaño y las posibilidades como la mexicana siga “descansando” en la precariedad laboral y no en la creación de los empleos dignos que su demografía reclama. No se trata de mal invertir y, mucho menos, de satisfacer caprichos, mal planeados y peor ejecutados del ejecutivo en turno, sino de contar con diagnósticos integrales deliberados y bien escritos. De estos reconocimientos liminares tendríamos que pasar a realizar ejercicios de planeación que se hagan cargo de los múltiples rezagos laborales, sociales, educativos, regionales, productivos y medioambientales que hoy nos marcan. En suma, y en consonancia con lo externado por el gobierno y su Plan México, se trataría de desplegar un explícito reordenamiento de prioridades y enfoques, para arribar a una renovada visión del desarrollo. Tal reformulación del quehacer público debería llevar a su vez a poner en el centro del debate, como punto obligado de arranque, a la política hacendaria con su trípode de herramientas maestras: recaudación, gasto y financiamiento públicos –en pos de una justa y mejor distribución del ingreso–. Se buscaría dotar al Estado del instrumental mínimo necesario para poner en movimiento al conjunto del aparato económico desde una política hacendaria comprometida con una ambiciosa estrategia financiera progresiva y redistributiva. Con empleo digno y fisco sano podrían fincarse unas estrategias en efecto redistributivas y coherentes con el objetivo primordial, pero siempre relegado, de dotarnos con un Estado social digno de tal nombre, un Estado desarrollista con un rumbo histórico claro y preciso en pro de la protección generalizada de los mexicanos y, más precisamente, de un Estado de bienestar cada día más dispuesto a hacerse cargo de sus misiones históricas constitucionales.",Rolando Cordera Campos,Jornada.com.mx
newsapi,"Rosa Icela: reforma electoral, “con todos” los partidos aliados","La reforma electoral que enviará la presidenta Claudia Sheinbaum al Congreso será “con todos” los partidos de la alianza, afirmó la titular de la Secretaría de Gobernación (SG), Rosa Icela Rodríguez, quien pidió a los diputados de Morena “lealtad absoluta al …",https://www.jornada.com.mx/2026/02/01/politica/005n1pol,https://www.jornada.com.mx/2026/02/01/fotos/005n1pol-1.jpg,2026-02-01T08:54:10Z,"Periódico La JornadaDomingo 1º de febrero de 2026, p. 5
La reforma electoral que enviará la presidenta Claudia Sheinbaum al Congreso será con todos los partidos de la alianza, afirmó la titular de l… [+3015 chars]","Asegura que el PT y PVEM respaldarán la iniciativa presidencial // “No tenemos derecho a fallar”, dice La reforma electoral que enviará la presidenta Claudia Sheinbaum al Congreso será “con todos” los partidos de la alianza, afirmó la titular de la Secretaría de Gobernación (SG), Rosa Icela Rodríguez, quien pidió a los diputados de Morena “lealtad absoluta al proyecto”. En la reunión de la bancada mayoritaria, previa al inicio este domingo del periodo de sesiones, sostuvo que “no tenemos derecho a fallar” y planteó seguir el ejemplo de “entrega y trabajo incansable” de la Presidenta “porque en nuestras manos está consolidar el legado de este movimiento”. Durante su participación en el encuentro, en San Lázaro, la funcionaria se refirió a la eventual iniciativa en materia electoral y aseguró que “lejos de cualquier imposición, esta reforma se construye con participación” de diversos sectores, cuyas opiniones se recabaron a través de 63 audiencias públicas, tanto en México como en Estados Unidos. Rodríguez Velázquez afirmó: “El Congreso tendrá su momento soberano para debatir y votar con todas las fuerzas representadas, pero con estos encuentros avanzamos en asegurar que la iniciativa que llegue a sus curules no venga de un escritorio, sino que venga nutrida y legitimada por la voz del pueblo”. Señaló que el respaldo popular a Sheinbaum “nos envía un mensaje contundente: la confianza del pueblo es sagrada, nuestra lealtad al proyecto debe ser absoluta”. Más tarde, cuando ya se retiraba de la Cámara, fue interrogada sobre el destino de la reforma electoral y si será apoyada o no por los partidos aliados de Morena. – ¿Habrá reforma electoral, aun sin PT ni Verde? –se le preguntó. – Sí habrá, con todos –atajó. De igual forma, descartó que su alusión a la importancia de mostrar lealtad a Sheinbaum tenga “dedicatoria” a petistas y verdes, pues la frase simplemente “es un agradecimiento”.","DEMOS, Desarrollo de Medios, S.A. de C.V.",Jornada.com.mx
newsapi,CNTE decide en asamblea impulsar brigadeo y paro nacional de 72 horas,"Mérida, Yuc., Dirigentes de la Coordinadora Nacional de Trabajadores de la Educación (CNTE) acordaron, en sesión de su Asamblea Nacional Representativa (ANR), realizada en Mérida, Yucatán, impulsar una jornada de brigadeo en el país que permita “generar las c…",https://www.jornada.com.mx/2026/02/01/politica/008n2pol,https://www.jornada.com.mx/imagemeta/1200x630BN.jpg,2026-02-01T08:54:10Z,"Periódico La JornadaDomingo 1º de febrero de 2026, p. 8
Mérida, Yuc., Dirigentes de la Coordinadora Nacional de Trabajadores de la Educación (CNTE) acordaron, en sesión de su Asamblea Nacional Repre… [+2532 chars]","Insisten en que se abrogue la Ley del Issste 2007 y la reforma educativa Mérida, Yuc., Dirigentes de la Coordinadora Nacional de Trabajadores de la Educación (CNTE) acordaron, en sesión de su Asamblea Nacional Representativa (ANR), realizada en Mérida, Yucatán, impulsar una jornada de brigadeo en el país que permita “generar las condiciones para llevar a cabo un paro nacional de 72 horas”. En entrevista por separado, los dirigentes Pedro Hernández Morales, de la sección 9 de Ciudad de México, y Filiberto Frausto Orozco, de la sección 34 de Zacatecas, indicaron que el gobierno federal “mantiene una política de cerrazón ante las demandas de abrogación de la Ley del Instituto de Seguridad y Servicios Sociales de los Trabajadores del Estado (Issste) 2007 y de la llamada Ley Usicamm (Unidad del Sistema para la Carrera de las Maestras y los Maestros), que sigue causando estragos al magisterio”. Frausto Orozco indicó que “probablemente esta jornada de brigadeo pueda extenderse de febrero a abril, y concretar una nueva jornada de lucha en junio próximo. Por eso queremos tener las condiciones; en particular, llevar la información a todos los compañeros en el país, y conocer también sus demandas”. Por su parte, Hernández Morales, quien recordó que al cumplirse, el pasado 30 de enero, 45 años del asesinato del profesor y luchador social Misael Núñez Acosta, se enfrentan nuevamente momentos difíciles para el movimiento magisterial y el país, enfatizó que “mientras haya maestros luchando, no habrá un pueblo de rodillas”, por lo que exhortó a todos los contingentes de la CNTE a participar en los preparativos para la jornada de lucha. Al encuentro también acudió el dirigente de la sección 7 de Chiapas, Isael González, quien aseguró que “hay condiciones para arribar al paro de 72 horas, e incluso, a una nueva huelga nacional”. Asimismo, de la sección 22 de Oaxaca acudió Yenny Aracely Pérez; de la 14 de Guerrero, Elvira Veleces; y de la 18 de Michoacán, Eva Hinojosa Tera, entre otros líderes magisteriales, quienes, hasta el cierre de esta edición, continúan en los trabajos de la ANR. Por la mañana, cientos de profesores de la CNTE se manifestaron frente al Palacio de Gobierno de la capital yucateca, donde hicieron un llamado a sumarse al paro de labores. Durante la protesta, la profesora Veleces acusó al gobierno federal de hacer “oídos sordos” y denunció que, pese al discurso oficial en campaña sobre la abrogación de la Ley del Issste y la reforma educativa, “no lo hemos visto aterrizado en los hechos”. La dirigente de la Coordinadora Estatal de Trabajadores de la Educación de Guerrero agregó que no se ha reanudado el diálogo con la CNTE y que las reformas siguen afectando los derechos de los trabajadores de la educación. ¿Quiénes somos?|Contacto|Publicidad|Aviso legal|Aviso de privacidad.|Código de Ética|Siguenos en:","DEMOS, Desarrollo de Medios, S.A. de C.V.",Jornada.com.mx
newsapi,Para tomar en cuenta,"En la semana que inicia se darán a conocer reportes como ingreso de remesas, consumo, confianza del consumidor, inversión y anuncio de política monetaria, entre otros.",https://www.jornada.com.mx/2026/02/01/economia/019n4eco,https://www.jornada.com.mx/imagemeta/1200x630BN.jpg,2026-02-01T08:54:10Z,"Periódico La JornadaDomingo 1º de febrero de 2026, p. 19
En la semana que inicia se darán a conocer reportes como ingreso de remesas, consumo, confianza del consumidor, inversión y anuncio de políti… [+1353 chars]","En la semana que inicia se darán a conocer reportes como ingreso de remesas, consumo, confianza del consumidor, inversión y anuncio de política monetaria, entre otros. México Martes 3 El Banco de México (BdeM) informará sobre el ingreso de remesas durante diciembre del año pasado y difundirá la encuesta sobre las expectativas del sector privado de enero. El Instituto Nacional de Estadística y Geografía (Inegi) publicará la encuesta de opinión empresarial de enero. Miércoles 4 El banco Citigroup publicará su encuesta quincenal de expectativas económicas. Jueves 5 El Inegi reportará el indicador mensual de formación bruta de capital fijo de noviembre del año pasado; el Sistema de indicadores cíclicos de noviembre, y difundirá datos de la industria automotriz sobre ventas de vehículos ligeros durante enero. El BdeM anunciará su decisión de política monetaria. Viernes 6 El Inegi difundirá la encuesta sobre confianza del consumidor de enero. El BdeM difundirá la encuesta sobre condiciones generales y estándares en el mercado de crédito bancario.","DEMOS, Desarrollo de Medios, S.A. de C.V.",Jornada.com.mx
newsapi,Rolando Cordera Campos: Plan México: un año de planeación (des)figurada,"Días antes de que el empresario voraz asumiera por segunda ocasión la presidencia de Estados Unidos, el 13 de enero de 2025 la presidenta Sheinbaum, acompañada por su gabinete así como por miembros del sector empresarial, dio a conocer el Plan México, “una vi…",https://www.jornada.com.mx/2026/02/01/opinion/015a1pol,https://www.jornada.com.mx/imagemeta/1200x630BN.jpg,2026-02-01T08:54:10Z,"ías antes de que el empresario voraz asumiera por segunda ocasión la presidencia de Estados Unidos, el 13 de enero de 2025 la presidenta Sheinbaum, acompañada por su gabinete así como por miembros de… [+4751 chars]","ías antes deque el empresario voraz asumiera por segunda ocasión la presidencia de Estados Unidos, el 13 de enero de 2025 la presidenta Sheinbaum, acompañada por su gabinete así como por miembros del sector empresarial, dio a conocer el Plan México, “una visión del presente y del futuro sobre el desarrollo nacional, que está conformado de 13 metas cuyo objetivo es hacer de nuestra nación el mejor país del mundo disminuyendo la pobreza y la desigualdad y el cual contempla un portafolio de inversiones, nacionales y extranjeras, de 277 mil millones de dólares (mmdd)”. “El objetivo –agregó–, es seguir haciendo de México el mejor país del mundo. Nuestro país es una potencia cultural y nuestro objetivo es disminuir pobreza, desigualdades, que cada uno de los mexicanos y mexicanas sepa que hay plan, que hay desarrollo, que frente a cualquier incertidumbre que venga en el futuro próximo, México tiene un plan y está unido (…).”https://www.gob.mx /presidencia/prensa/presidenta-claudia -sheinbaum-presenta-el-plan-mexico- que-contempla-un-portafolio-de-inver siones-de-277-mmdd) A un año de distancia de ese anuncio, no es mucho lo que, en consideración a los hechos, puede destacarse. De acuerdo con la más reciente Encuesta Nacional de Ocupación y Empleo, que publica oportunamente el Inegi, se ratifican las dificultades que, hace ya tiempo, tiene la creación de empleos buenos, bien pagados: en diciembre (2025), el porcentaje de la población con trabajo fue de 59.1 por ciento y la informalidad laboral de 54.6 por ciento, señala la encuesta. Ítem más: en los servicios se registró el mayor número de mexicanos trabajando (26.6 millones), lo que representa un 44.1 por ciento; le siguen el comercio (20.5 por ciento); la industria manufacturera (15.7 por ciento); las actividades agrícolas (10.6 por ciento); y la construcción (7.8 por ciento). Y sigue la catarata informática: si se comparan los recientes porcentajes con los del diciembre de 2024, los sectores con mayor crecimiento han sido el comercio, las actividades agrícolas y los servicios, en contraste con los descensos en la industria manufacturera (238 mil). (Encuesta Nacional de Ocupación y Empleo, 26 enero, 2026). Si convenimos en que los deplorables números en torno al empleo son un claro reflejo de nuestro no crecimiento, mal haremos en seguir conformándonos (o resignándonos) con que el PIB crezca .8 por ciento –cifras desestacionalizadas– como se informó el viernes. (El Economista, “Economía de México creció 0.8% en el cuarto trimestre”, 30/1/26). Más bien, tendríamos que empezar por asumir en todo lo que implica la falta de crecimiento y buscar atender, entender, sus causas básicas. Entre éstas tenemos que resaltar la falta de inversión –pública y privada– para poder transformar nuestra estructura productiva y sus dinámicas. También, tendríamos que reconocer que es inaceptable que una economía del tamaño y las posibilidades como la mexicana siga “descansando” en la precariedad laboral y no en la creación de los empleos dignos que su demografía reclama. No se trata de mal invertir y, mucho menos, de satisfacer caprichos, mal planeados y peor ejecutados del ejecutivo en turno, sino de contar con diagnósticos integrales deliberados y bien escritos. De estos reconocimientos liminares tendríamos que pasar a realizar ejercicios de planeación que se hagan cargo de los múltiples rezagos laborales, sociales, educativos, regionales, productivos y medioambientales que hoy nos marcan. En suma, y en consonancia con lo externado por el gobierno y su Plan México, se trataría de desplegar un explícito reordenamiento de prioridades y enfoques, para arribar a una renovada visión del desarrollo. Tal reformulación del quehacer público debería llevar a su vez a poner en el centro del debate, como punto obligado de arranque, a la política hacendaria con su trípode de herramientas maestras: recaudación, gasto y financiamiento públicos –en pos de una justa y mejor distribución del ingreso–. Se buscaría dotar al Estado del instrumental mínimo necesario para poner en movimiento al conjunto del aparato económico desde una política hacendaria comprometida con una ambiciosa estrategia financiera progresiva y redistributiva. Con empleo digno y fisco sano podrían fincarse unas estrategias en efecto redistributivas y coherentes con el objetivo primordial, pero siempre relegado, de dotarnos con un Estado social digno de tal nombre, un Estado desarrollista con un rumbo histórico claro y preciso en pro de la protección generalizada de los mexicanos y, más precisamente, de un Estado de bienestar cada día más dispuesto a hacerse cargo de sus misiones históricas constitucionales.",Rolando Cordera Campos,Jornada.com.mx
newsapi,"Inaceptable, negar la ayuda humanitaria a un país: De la Fuente","México considera inaceptable “que no haya ayuda humanitaria donde sea requerida, cuando algún país del mundo lo requiere”, definió el secretario de Relaciones Exteriores, Juan Ramón de la Fuente, en la reunión plenaria de los diputados de Morena, donde rechaz…",https://www.jornada.com.mx/2026/02/01/politica/002n1pol,https://www.jornada.com.mx/2026/02/01/fotos/002n1pol-1.jpg,2026-02-01T08:54:10Z,"Periódico La JornadaDomingo 1º de febrero de 2026, p. 2
México considera inaceptable que no haya ayuda humanitaria donde sea requerida, cuando algún país del mundo lo requiere, definió el secretario… [+3164 chars]","Es un distintivo de México, dice a diputados de Morena Se mantendrá esa política, “que nos permite mandar el mensaje a los pueblos que lo requieren”, destaca México considera inaceptable “que no haya ayuda humanitaria donde sea requerida, cuando algún país del mundo lo requiere”, definió el secretario de Relaciones Exteriores, Juan Ramón de la Fuente, en la reunión plenaria de los diputados de Morena, donde rechazó que desde los consulados se “alienten incursiones” en Estados Unidos. Durante un amplio discurso ante los legisladores del bloque mayoritario, defendió que la ayuda humanitaria de México es un mecanismo de su política exterior “que vamos a seguir ejerciendo y que nos permite mandar el mensaje a los pueblos que lo requieren”. En el contexto de la amenaza de Estados Unidos de imponer aranceles a países que envíen petróleo a Cuba, De la Fuente resaltó que la ayuda humanitaria distingue a México, incluso en emergencias por fenómenos naturales. Y “eso que nos ocurre en México y que nos ayuda, queremos que ocurra en todos lados... La ayuda humanitaria siempre ha sido la primera instrucción de la presidenta (Claudia Sheinbaum) y (hemos sido) los primeros en llegar”. El coordinador de Morena, Ricardo Monreal Ávila, explicó que si bien la relación por parte del Congreso con la Secretaría de Relaciones Exteriores es a través del Senado, pidió a De la Fuente acudir a la plenaria en el contexto de la orden ejecutiva firmada por Donald Trump contra Cuba. El momento político “nos compromete y como representantes populares es importante que conozcamos su punto de vista, las negociaciones que lleva a cabo todavía ayer con el secretario (de Estado, Marco) Rubio; la Presidenta le pidió intervenir frente a este documento público que ya se dio a conocer por el presidente Trump de restringir toda ayuda humanitaria al país hermano Cuba”, expuso Monreal. Consulados no intervienen en la política interna de EU Asimismo, De la Fuente rechazó que México intervenga en la política interna de Estados Unidos. “Es falso”, resaltó y detalló que, ante la “situación de acoso en que se encuentran muchísimos” mexicanos en ese país, los 53 consulados realizan un trabajo de apoyo diplomático y jurídico.","DEMOS, Desarrollo de Medios, S.A. de C.V.",Jornada.com.mx
newsapi,Marath Baruch Bolaños López*: Trabajo digno en el siglo XXI,"El trabajo, entendido en términos filosóficos como el conjunto de actividades dedicadas a transformar la naturaleza para satisfacer las necesidades humanas, no es una realidad inerte. Ha experimentado profundas transformaciones a lo largo de la historia. En l…",https://www.jornada.com.mx/2026/02/01/opinion/016a1pol,https://www.jornada.com.mx/imagemeta/1200x630BN.jpg,2026-02-01T08:54:10Z,"l trabajo, entendido en términos filosóficos como el conjunto de actividades dedicadas a transformar la naturaleza para satisfacer las necesidades humanas, no es una realidad inerte. Ha experimentado… [+4679 chars]","l trabajo, entendidoen términos filosóficos como el conjunto de actividades dedicadas a transformar la naturaleza para satisfacer las necesidades humanas, no es una realidad inerte. Ha experimentado profundas transformaciones a lo largo de la historia. En las últimas décadas, con el desarrollo de las tecnologías de la información, esta condición cambiante del trabajo se ha vuelto particularmente evidente. No sólo han surgido ocupaciones antes inexistentes, sino también nuevas dinámicas laborales. Esto se observa con claridad en fenómenos cada vez más extendidos, como el trabajo en plataformas digitales, que incluye tanto a conductores como a repartidores. Por instrucciones de la presidenta Claudia Sheinbaum, la Secretaría del Trabajo tiene la tarea de asegurar que exista trabajo digno para todas y todos los mexicanos, al mismo tiempo que se impulsa y protege el dinamismo económico del país. Por ello, en lo que respecta al trabajo en plataformas digitales, se buscó preservar su flexibilidad, pero garantizando que quienes viven de este trabajo cuenten con seguridad social, reglas claras y protección frente a riesgos y arbitrariedades. La Reforma al Trabajo en Plataformas Digitales es innovadora no sólo porque reconoce y atiende una nueva realidad laboral surgida del desarrollo tecnológico, sino también porque se trata de una política pública que nace de un proceso de análisis de la realidad existente y del diálogo con las y los trabajadores y con las empresas. Dicho de otro modo: se trata de una reforma construida de manera dialógica, a partir de la participación activa de los distintos actores involucrados. En primera instancia, la reforma distingue que existen diferentes maneras de trabajar en las plataformas digitales. Hay un primer grupo de personas registradas en plataformas, conformado por aquellas que, en algún momento, han tenido una cuenta activa o un registro vigente. Este universo no equivale automáticamente a personas con trabajo continuo o con ingresos regulares. Hay un segundo grupo de personas con participación esporádica, conformado por quienes se conectan ocasionalmente, realizan pocos viajes o entregas, o utilizan la plataforma como actividad com-plementaria de ingresos. Hay un tercer grupo de personas activas en cada mes, conformado por quienes efectivamente realizaron viajes o entregas por un tiempo de al menos 15 horas en un periodo determinado. Y hay un cuarto grupo de personas para quienes este trabajo es su principal fuente de ingresos, conformado por quienes generan ingresos equivalentes o superiores a un salario mínimo mensual a través de la plataforma. La reforma considera a todas y todos. Para las personas del primer, segundo y tercer grupo la reforma garantiza protección contra riesgos de trabajo durante el tiempo efectivamente laborado, incluso si no alcanzan el umbral de ingresos mensuales. Para las personas del cuarto grupo la reforma ofrece ahora seguridad social completa (IMSS, Infonavit, riesgos de trabajo, pensión, guarderías). De esta manera, la reforma protege a quienes dependen de este empleo para vivir, sin excluir ni desproteger a quienes participan de manera ocasional. La Reforma al Trabajo en Plataformas Digitales, establecida como un compromiso del segundo piso de la Transformación por la presidenta Claudia Sheinbaum, ya es una realidad palpable que beneficia a cientos de miles de mexicanas y mexicanos. De julio a diciembre de 2025 se realizó exitosamente un programa piloto que logró acumular un promedio de 912 mil 625 puestos de trabajo al mes. Algunos datos permiten dimensionar el calado de la transformación laboral que está sucediendo. Las personas trabajadoras que generaron al menos un salario mínimo crecieron mes con mes: 132 mil 841 en julio, 133 mil 178 en agosto, 125 mil 757 en septiembre, 150 mil 123 en octubre, 164 mil 205 en noviembre y 206 mil 521 en diciembre. Entre octubre, noviembre y diciembre, 77 por ciento de las personas que superaron el ingreso neto equivalente al salario mínimo fueron las mismas, lo que confirma que la reforma logró identificar de manera estable al núcleo de personas para quienes este trabajo representa su ingreso principal. Al cierre de diciembre de 2025, el salario base de cotización promedio fue de 392.42 pesos diarios, nivel 41 por ciento superior al salario mínimo. Y algo fundamental: con la información disponible, no se observa un impacto negativo significativo en el empleo en plataformas digitales tras la implementación de la reforma. Pero, sobre todo, estas cifras nos permiten anunciar con enorme entusiasmo una noticia histórica: la Reforma al Trabajo en Plataformas Digitales constituye el mayor ejercicio de formalización del empleo en México del que se tenga registro. Estamos construyendo los cimientos del trabajo digno en el siglo XXI. *Secretario del Trabajo y Previsión Social (X:@marathb)  ¿Quiénes somos?|Contacto|Publicidad|Aviso legal|Aviso de privacidad.|Código de Ética|Siguenos en:",Marath Baruch Bolaños López*,Jornada.com.mx
